s,x_0,p_0,res,sigma_min,tau,stable,bif_flag,arc_err,curv,tangent_cos
0.0,1.500549554824829,1.4991823434829712,0.0020515918731689453,1.501916766166687,1.500549554824829,1,0,0.00044666690519079566,0.09525176137685776,1.0
0.01001669466495514,1.493587613105774,1.4922720193862915,0.001965045928955078,1.4949032068252563,1.493587613105774,1,0,0.0004078672209288925,0.09272917360067368,1.0
0.02003338932991028,1.4866180419921875,1.485355257987976,0.0018773078918457031,1.487880825996399,1.4866180419921875,1,0,0.00037178568891249597,0.09022422879934311,1.0
0.030050083994865417,1.4796417951583862,1.4784327745437622,0.0017888545989990234,1.4808508157730103,1.4796417951583862,1,0,0.00033827978768385947,0.08773810416460037,1.0
0.04006677865982056,1.4726588726043701,1.4715043306350708,0.0017001628875732422,1.4738134145736694,1.4726588726043701,1,0,0.00030721607618033886,0.08527201414108276,1.0
0.050083473324775696,1.4656697511672974,1.4645706415176392,0.0016109943389892578,1.4667688608169556,1.4656697511672974,1,0,0.00027845913427881896,0.0828271359205246,1.0
0.060100167989730835,1.4586739540100098,1.4576307535171509,0.0015215873718261719,1.4597171545028687,1.4586739540100098,1,0,0.00025187880964949727,0.08040456473827362,1.0
0.07011686265468597,1.4516723155975342,1.4506858587265015,0.0014319419860839844,1.452658772468567,1.4516723155975342,1,0,0.00022734633239451796,0.07800547033548355,1.0
0.08013355731964111,1.4446648359298706,1.4437358379364014,0.0013420581817626953,1.4455938339233398,1.4446648359298706,1,0,0.00020475569181144238,0.07563094049692154,1.0
0.09015025198459625,1.4376521110534668,1.4367802143096924,0.001253366470336914,1.4385240077972412,1.4376521110534668,1,0,0.00018398022803012282,0.07328210026025772,0.9999999403953552
0.10016694664955139,1.4306336641311646,1.429819941520691,0.0011641979217529297,1.4314473867416382,1.4306336641311646,1,0,0.0001649077603360638,0.07095993310213089,0.9999998807907104
0.11018364131450653,1.4236104488372803,1.4228547811508179,0.00107574462890625,1.4243661165237427,1.4236104488372803,1,0,0.00014744125655852258,0.068665511906147,0.9999998807907104
0.12020033597946167,1.4165818691253662,1.4158848524093628,0.0009872913360595703,1.4172788858413696,1.4165818691253662,1,0,0.00013147386198397726,0.06639987975358963,0.9999999403953552
0.1302170306444168,1.4095488786697388,1.4089099168777466,0.0009007453918457031,1.410187840461731,1.4095488786697388,1,0,0.00011690030078170821,0.06416400521993637,1.0
0.14023372530937195,1.4025108814239502,1.401930809020996,0.0008134841918945312,1.4030909538269043,1.4025108814239502,1,0,0.0001036468893289566,0.061958879232406616,1.0
0.1502504199743271,1.395469069480896,1.3949471712112427,0.0007282495498657227,1.3959909677505493,1.395469069480896,1,0,9.160206536762416e-05,0.05978551134467125,1.0
0.16026711463928223,1.388422966003418,1.3879592418670654,0.0006438493728637695,1.3888866901397705,1.388422966003418,1,0,8.069564501056448e-05,0.05764484778046608,1.0
0.17028380930423737,1.3813724517822266,1.3809672594070435,0.0005598068237304688,1.3817776441574097,1.3813724517822266,1,0,7.083703530952334e-05,0.055537786334753036,1.0
0.1803005039691925,1.3743184804916382,1.3739711046218872,0.0004774332046508789,1.3746658563613892,1.3743184804916382,1,0,6.195408059284091e-05,0.05346532166004181,1.0
0.19031719863414764,1.3672608137130737,1.3669705390930176,0.00039696693420410156,1.3675510883331299,1.3672608137130737,1,0,5.397209679358639e-05,0.051428284496068954,1.0
0.20033389329910278,1.3601996898651123,1.3599666357040405,0.00031697750091552734,1.360432744026184,1.3601996898651123,1,0,4.681809150497429e-05,0.04942769557237625,1.0
0.21035058796405792,1.353135108947754,1.3529587984085083,0.00023853778839111328,1.3533114194869995,1.353135108947754,1,0,4.043209264636971e-05,0.04746439680457115,1.0
0.22036728262901306,1.3460677862167358,1.345947504043579,0.00016188621520996094,1.3461880683898926,1.3460677862167358,1,0,3.474843470030464e-05,0.04553934186697006,1.0
0.2303839772939682,1.3389972448349,1.3389323949813843,8.690357208251953e-05,1.3390620946884155,1.3389972448349,1,0,2.9707809517276473e-05,0.04365340620279312,1.0
0.24040067195892334,1.3319242000579834,1.3319143056869507,1.3232231140136719e-05,1.3319340944290161,1.3319242000579834,1,0,2.5254512365791015e-05,0.041807565838098526,1.0
0.2504173517227173,1.3248482942581177,1.3248927593231201,5.888938903808594e-05,1.3248038291931152,1.3248482942581177,1,0,2.1337935322662815e-05,0.04000277444720268,1.0
0.2604340612888336,1.317770004272461,1.3178679943084717,0.0001291036605834961,1.3176720142364502,1.317770004272461,1,0,1.79077160282759e-05,0.038239941000938416,1.0
0.27045077085494995,1.3106896877288818,1.3108400106430054,0.0001970529556274414,1.3105393648147583,1.3106896877288818,1,0,1.4917986845830455e-05,0.03652014955878258,1.0
0.2804674506187439,1.3036071062088013,1.303809404373169,0.0002636909484863281,1.3034048080444336,1.3036071062088013,1,0,1.2327202057349496e-05,0.03484437242150307,1.0
0.29048413038253784,1.2965227365493774,1.2967755794525146,0.00032770633697509766,1.2962698936462402,1.2965227365493774,1,0,1.0097035556100309e-05,0.033213865011930466,1.0
0.3005008399486542,1.2894363403320312,1.2897387742996216,0.00038993358612060547,1.289133906364441,1.2894363403320312,1,0,8.184770194930024e-06,0.03162955492734909,1.0
0.3105175495147705,1.2823482751846313,1.282699704170227,0.0004507303237915039,1.2819968461990356,1.2823482751846313,1,0,6.559804660355439e-06,0.030092878267169,1.0
0.32053422927856445,1.2752587795257568,1.2756576538085938,0.0005086660385131836,1.27485990524292,1.2752587795257568,1,0,5.190235242480412e-06,0.02860509790480137,1.0
0.3305509090423584,1.2681677341461182,1.268613338470459,0.0005650520324707031,1.2677221298217773,1.2681677341461182,1,0,4.0446047933073714e-06,0.02716759592294693,1.0
0.34056761860847473,1.2610756158828735,1.2615665197372437,0.000619053840637207,1.2605847120285034,1.2610756158828735,1,0,3.0982503176346654e-06,0.025782009586691856,1.0
0.35058432817459106,1.2539823055267334,1.2545173168182373,0.0006709098815917969,1.2534472942352295,1.2539823055267334,1,0,2.324306478840299e-06,0.024449937045574188,1.0
0.360601007938385,1.2468880414962769,1.247465968132019,0.0007206201553344727,1.2463101148605347,1.2468880414962769,1,0,1.7003399079840165e-06,0.02317330427467823,0.9999999403953552
0.37061768770217896,1.239792823791504,1.2404125928878784,0.0007684230804443359,1.2391730546951294,1.239792823791504,1,0,1.2063393342032214e-06,0.02195407636463642,0.9999999403953552
0.3806343972682953,1.2326970100402832,1.2333568334579468,0.0008133649826049805,1.2320371866226196,1.2326970100402832,1,0,8.226560339608113e-07,0.02079445868730545,1.0
0.3906511068344116,1.2256007194519043,1.2262991666793823,0.0008560419082641602,1.2249022722244263,1.2256007194519043,1,0,5.32346007275919e-07,0.019696727395057678,1.0
0.40066778659820557,1.218503475189209,1.2192397117614746,0.0008970499038696289,1.2177672386169434,1.218503475189209,1,0,3.20429933253763e-07,0.018663495779037476,1.0
0.4106844663619995,1.2114061117172241,1.212178349494934,0.0009355545043945312,1.2106338739395142,1.2114061117172241,1,0,1.7279218411658803e-07,0.017697369679808617,1.0
0.42070117592811584,1.2043083906173706,1.2051150798797607,0.0009714365005493164,1.2035017013549805,1.2043083906173706,1,0,7.751395969535224e-08,0.016801053658127785,1.0
0.4307178854942322,1.1972105503082275,1.1980504989624023,0.0010055303573608398,1.1963706016540527,1.1972105503082275,1,0,2.3666618886863944e-08,0.01597738079726696,1.0
0.4407345652580261,1.1901127099990845,1.1909841299057007,0.0010371208190917969,1.1892412900924683,1.1901127099990845,1,0,1.711114805402758e-09,0.015228833071887493,1.0
0.45075124502182007,1.1830146312713623,1.1839162111282349,0.0010665655136108398,1.1821130514144897,1.1830146312713623,1,0,3.538517034940014e-09,0.014557836577296257,1.0
0.4607679545879364,1.1759167909622192,1.1768468618392944,0.0010936260223388672,1.174986720085144,1.1759167909622192,1,0,2.2027180079930986e-08,0.013966184109449387,1.0
0.47078466415405273,1.1688191890716553,1.1697759628295898,0.001118302345275879,1.1678624153137207,1.1688191890716553,1,0,5.119323986946256e-08,0.01345509011298418,1.0
0.4808013439178467,1.1617215871810913,1.1627038717269897,0.0011410713195800781,1.1607393026351929,1.1617215871810913,1,0,8.585863042753772e-08,0.01302481908351183,1.0
0.4908180236816406,1.1546248197555542,1.1556307077407837,0.0011614561080932617,1.1536189317703247,1.1546248197555542,1,0,1.2224872136812337e-07,0.012674457393586636,1.0
0.5008347034454346,1.1475284099578857,1.1485559940338135,0.0011792182922363281,1.146500825881958,1.1475284099578857,1,0,1.5673209929900622e-07,0.012401939369738102,1.0
0.5108514428138733,1.140432357788086,1.1414803266525269,0.001195073127746582,1.139384388923645,1.140432357788086,1,0,1.8694562697874062e-07,0.012203835882246494,1.0
0.5208681225776672,1.1333367824554443,1.1344037055969238,0.0012091398239135742,1.1322698593139648,1.1333367824554443,1,0,2.1107831571498537e-07,0.012075482867658138,1.0
0.5308848023414612,1.1262422800064087,1.1273261308670044,0.001220703125,1.125158429145813,1.1262422800064087,1,0,2.2771486385408934e-07,0.012011170387268066,0.9999998807907104
0.5409015417098999,1.1191486120224,1.1202473640441895,0.0012296438217163086,1.1180498600006104,1.1191486120224,1,0,2.364436255675173e-07,0.012004473246634007,1.0
0.5509182214736938,1.1120555400848389,1.1131677627563477,0.0012369155883789062,1.11094331741333,1.1120555400848389,1,0,2.3713973007488676e-07,0.012048360891640186,1.0
0.5609349012374878,1.1049631834030151,1.106087565422058,0.0012423992156982422,1.1038388013839722,1.1049631834030151,1,0,2.2988166392678977e-07,0.012135658413171768,0.9999998807907104
0.5709515810012817,1.0978716611862183,1.0990064144134521,0.0012458562850952148,1.0967369079589844,1.0978716611862183,1,0,2.1515064929644723e-07,0.012259227223694324,1.0
0.5809682607650757,1.090781331062317,1.0919243097305298,0.0012466907501220703,1.089638352394104,1.090781331062317,1,0,1.9454660105111543e-07,0.012412257492542267,1.0
0.5909850001335144,1.0836924314498901,1.0848419666290283,0.001245737075805664,1.082542896270752,1.0836924314498901,1,0,1.6875270603122772e-07,0.012588398531079292,1.0
0.6010016798973083,1.0766040086746216,1.0777587890625,0.0012432336807250977,1.0754492282867432,1.0766040086746216,1,0,1.395783897351066e-07,0.012781906872987747,1.0
0.6110183596611023,1.0695170164108276,1.0706751346588135,0.0012385845184326172,1.0683588981628418,1.0695170164108276,1,0,1.0895975322000595e-07,0.012987449765205383,1.0
0.621035099029541,1.0624312162399292,1.0635910034179688,0.001232147216796875,1.0612714290618896,1.0624312162399292,1,0,7.841266835839633e-08,0.013200554996728897,0.9999999403953552
0.631051778793335,1.0553466081619263,1.056505799293518,0.001223444938659668,1.0541874170303345,1.0553466081619263,1,0,5.0280291929993837e-08,0.013417091220617294,1.0
0.6410684585571289,1.0482633113861084,1.049420952796936,0.0012135505676269531,1.0471056699752808,1.0482633113861084,1,0,2.6439238354214467e-08,0.013633627444505692,0.9999998807907104
0.6510851383209229,1.0411813259124756,1.0423353910446167,0.001201629638671875,1.0400272607803345,1.0411813259124756,1,0,9.14047859623679e-09,0.013847262598574162,0.9999998807907104
0.6611018180847168,1.0341006517410278,1.0352493524551392,0.0011878013610839844,1.0329519510269165,1.0341006517410278,1,0,5.403677505455562e-10,0.014055285602807999,0.9999998807907104
0.6711185574531555,1.0270214080810547,1.028163194656372,0.0011726617813110352,1.0258796215057373,1.0270214080810547,1,0,2.8969147081170377e-09,0.014255668967962265,1.0
0.6811352372169495,1.0199434757232666,1.0210767984390259,0.001155853271484375,1.0188101530075073,1.0199434757232666,1,0,1.8419857639173642e-08,0.014446607790887356,1.0
0.6911519169807434,1.0128670930862427,1.0139899253845215,0.0011372566223144531,1.0117442607879639,1.0128670930862427,1,0,4.9031800841703443e-08,0.014626665972173214,1.0
0.7011686563491821,1.0057920217514038,1.0069029331207275,0.0011173486709594727,1.00468111038208,1.0057920217514038,1,0,9.710271342555643e-08,0.014794603921473026,0.9999999403953552
0.7111853361129761,0.9987184405326843,0.9998158812522888,0.0010960102081298828,0.9976209998130798,0.9987184405326843,1,0,1.645191503030219e-07,0.014949383214116096,1.0
0.72120201587677,0.991646409034729,0.9927284121513367,0.0010729432106018066,0.9905644059181213,0.991646409034729,1,0,2.5325252295260725e-07,0.01509022619575262,0.9999999403953552
0.731218695640564,0.9845759272575378,0.9856410622596741,0.001048743724822998,0.9835107922554016,0.9845759272575378,1,0,3.646404422852356e-07,0.01521663460880518,1.0
0.7412353754043579,0.9775069952011108,0.9785536527633667,0.00102311372756958,0.976460337638855,0.9775069952011108,1,0,5.010725203646871e-07,0.01532794814556837,1.0
0.7512521147727966,0.9704395532608032,0.9714661240577698,0.000996232032775879,0.9694129824638367,0.9704395532608032,1,0,6.634061264776392e-07,0.015424023382365704,1.0
0.7612687945365906,0.9633734226226807,0.9643785953521729,0.0009683370590209961,0.9623682498931885,0.9633734226226807,1,0,8.535394613318203e-07,0.015504608862102032,1.0
0.7712854743003845,0.9563092589378357,0.9572914838790894,0.0009393095970153809,0.955327033996582,0.9563092589378357,1,0,1.0721605576691218e-06,0.015569426119327545,0.9999999403953552
0.7813022136688232,0.9492461681365967,0.9502038359642029,0.0009090900421142578,0.9482885003089905,0.9492461681365967,1,0,1.3215682201916934e-06,0.01561849843710661,1.0
0.7913188934326172,0.9421850442886353,0.9431163668632507,0.0008774995803833008,0.9412537217140198,0.9421850442886353,1,0,1.6008013972168555e-06,0.0156520027667284,0.9999999403953552
0.8013355731964111,0.935125470161438,0.9360290169715881,0.0008449554443359375,0.9342219233512878,0.935125470161438,1,0,1.9125423023069743e-06,0.015669813379645348,1.0
0.8113522529602051,0.9280672669410706,0.9289420247077942,0.0008118152618408203,0.9271925091743469,0.9280672669410706,1,0,2.2562944650417194e-06,0.01567218452692032,1.0
0.821368932723999,0.9210106730461121,0.9218547344207764,0.0007774233818054199,0.9201666116714478,0.9210106730461121,1,0,2.6330801574658835e-06,0.015659302473068237,1.0
0.8313856720924377,0.9139557480812073,0.9147679805755615,0.0007423162460327148,0.913143515586853,0.9139557480812073,1,0,3.042687012566603e-06,0.015631411224603653,1.0
0.8414023518562317,0.906902551651001,0.9076811075210571,0.0007060766220092773,0.9061239957809448,0.906902551651001,1,0,3.4852300814236514e-06,0.015588786453008652,1.0
0.8514190316200256,0.8998504281044006,0.9005947709083557,0.0006698369979858398,0.8991060853004456,0.8998504281044006,1,0,3.962315986427711e-06,0.015531636774539948,1.0
0.8614357709884644,0.8928002119064331,0.89350825548172,0.000632166862487793,0.8920921683311462,0.8928002119064331,1,0,4.4717598939314485e-06,0.015460445545613766,1.0
0.8714524507522583,0.8857514262199402,0.8864221572875977,0.0005940794944763184,0.8850806951522827,0.8857514262199402,1,0,5.013871941628167e-06,0.015375484712421894,1.0
0.8814691305160522,0.8787041902542114,0.8793365359306335,0.0005556344985961914,0.8780718445777893,0.8787041902542114,1,0,5.588400654232828e-06,0.015277078375220299,1.0
0.8914858102798462,0.8716585636138916,0.8722507953643799,0.0005162358283996582,0.8710663318634033,0.8716585636138916,1,0,6.1952723626745865e-06,0.015165717341005802,1.0
0.9015024900436401,0.8646142482757568,0.865165650844574,0.0004767179489135742,0.8640628457069397,0.8646142482757568,1,0,6.832795861555496e-06,0.01504170149564743,1.0
0.9115192294120789,0.857571542263031,0.8580806255340576,0.00043660402297973633,0.8570624589920044,0.857571542263031,1,0,7.500555511796847e-06,0.014905489049851894,0.9999999403953552
0.9215359091758728,0.850530207157135,0.8509960174560547,0.0003961920738220215,0.8500643968582153,0.850530207157135,1,0,8.198418072424829e-06,0.01475759968161583,1.0
0.9315525889396667,0.8434901833534241,0.8439114689826965,0.0003553628921508789,0.8430688977241516,0.8434901833534241,1,0,8.924467692850158e-06,0.014598357491195202,1.0
0.9415693283081055,0.8364518284797668,0.8368274569511414,0.000314176082611084,0.8360762000083923,0.8364518284797668,1,0,9.677238267613575e-06,0.014428233727812767,1.0
0.9515860080718994,0.8294147849082947,0.8297436237335205,0.0002726912498474121,0.8290859460830688,0.8294147849082947,1,0,1.0457400094310287e-05,0.014247640036046505,1.0
0.9616026878356934,0.8223791718482971,0.8226604461669922,0.00023132562637329102,0.822097897529602,0.8223791718482971,1,0,1.1259800885454752e-05,0.014057096093893051,1.0
0.9716193675994873,0.8153449296951294,0.8155774474143982,0.00018960237503051758,0.8151124119758606,0.8153449296951294,1,0,1.2086470633221325e-05,0.013857091777026653,1.0
0.9816360473632812,0.8083119988441467,0.8084949254989624,0.00014787912368774414,0.808129072189331,0.8083119988441467,1,0,1.29355594253866e-05,0.013647958636283875,1.0
0.99165278673172,0.8012804985046387,0.8014125227928162,0.00010579824447631836,0.8011484742164612,0.8012804985046387,1,0,1.3803723959426861e-05,0.01343029085546732,1.0
1.0016694068908691,0.794249951839447,0.7943306565284729,6.413459777832031e-05,0.7941692471504211,0.794249951839447,1,0,1.4689572708448395e-05,0.013204456306993961,1.0
1.0116862058639526,0.7872208952903748,0.7872491478919983,2.2232532501220703e-05,0.7871926426887512,0.7872208952903748,1,0,1.5593552234349772e-05,0.012971045449376106,1.0
1.0217028856277466,0.7801930904388428,0.7801681160926819,1.9431114196777344e-05,0.7802180647850037,0.7801930904388428,1,0,1.651434831728693e-05,0.012730351649224758,1.0
1.0317195653915405,0.7731665372848511,0.7730875015258789,6.109476089477539e-05,0.7732455730438232,0.7731665372848511,1,0,1.7446616766392253e-05,0.012483049184083939,1.0
1.0417362451553345,0.7661411166191101,0.7660072445869446,0.00010257959365844727,0.7662749886512756,0.7661411166191101,1,0,1.8389140677754767e-05,0.012229356914758682,0.9999998807907104
1.0517529249191284,0.7591168880462646,0.7589274048805237,0.00014382600784301758,0.7593063712120056,0.7591168880462646,1,0,1.934334977704566e-05,0.01196998544037342,0.9999998807907104
1.0617696046829224,0.7520937919616699,0.7518479824066162,0.00018489360809326172,0.7523396015167236,0.7520937919616699,1,0,2.030342693615239e-05,0.011705304495990276,1.0
1.0717862844467163,0.7450716495513916,0.7447690367698669,0.00022542476654052734,0.7453742623329163,0.7450716495513916,1,0,2.127080733771436e-05,0.011435809545218945,1.0
1.0818030834197998,0.7380505800247192,0.7376903891563416,0.0002658367156982422,0.7384107708930969,0.7380505800247192,1,0,2.2243269995669834e-05,0.011161917820572853,0.9999999403953552
1.0918197631835938,0.7310305833816528,0.7306122779846191,0.0003057718276977539,0.7314488887786865,0.7310305833816528,1,0,2.321678402950056e-05,0.010884212329983711,0.9999999403953552
1.1018364429473877,0.7240117192268372,0.7235346436500549,0.00034540891647338867,0.7244887948036194,0.7240117192268372,1,0,2.4193555873353034e-05,0.010602963156998158,1.0
1.1118531227111816,0.7169936895370483,0.7164573669433594,0.0003845095634460449,0.7175300121307373,0.7169936895370483,1,0,2.5167124476865865e-05,0.010318866930902004,1.0
1.1218698024749756,0.7099764943122864,0.7093804478645325,0.00042319297790527344,0.7105725407600403,0.7099764943122864,1,0,2.613734068290796e-05,0.01003237348049879,1.0
1.1318864822387695,0.7029605507850647,0.7023040652275085,0.0004614889621734619,0.7036170363426208,0.7029605507850647,1,0,2.710418266360648e-05,0.009743848815560341,1.0
1.1419031620025635,0.6959454417228699,0.6952282190322876,0.0004991590976715088,0.6966626644134521,0.6959454417228699,1,0,2.806205338856671e-05,0.009453977458178997,1.0
1.1519198417663574,0.6889309883117676,0.688152551651001,0.0005362927913665771,0.6897094249725342,0.6889309883117676,1,0,2.9014719984843396e-05,0.009163038805127144,0.9999999403953552
1.1619365215301514,0.6819173097610474,0.6810777187347412,0.0005725324153900146,0.6827569007873535,0.6819173097610474,1,0,2.9957185688544996e-05,0.008871715515851974,0.9999998807907104
1.1719533205032349,0.6749042272567749,0.6740028262138367,0.0006083548069000244,0.6758056282997131,0.6749042272567749,1,0,3.08868802676443e-05,0.008580530993640423,1.0
1.1819700002670288,0.667892336845398,0.6669288873672485,0.0006434917449951172,0.6688557863235474,0.667892336845398,1,0,3.1807248888071626e-05,0.008289908058941364,1.0
1.1919866800308228,0.6608809232711792,0.6598548889160156,0.0006780624389648438,0.6619069576263428,0.6608809232711792,1,0,3.270839442848228e-05,0.008000540547072887,1.0
1.2020033597946167,0.653870165348053,0.6527818441390991,0.0007116198539733887,0.6549584865570068,0.653870165348053,1,0,3.359517359058373e-05,0.007712943013757467,1.0
1.2120200395584106,0.6468602418899536,0.6457089781761169,0.0007447302341461182,0.6480115056037903,0.6468602418899536,1,0,3.4467917430447415e-05,0.00742776645347476,1.0
1.2220367193222046,0.6398507952690125,0.6386363506317139,0.0007770657539367676,0.641065239906311,0.6398507952690125,1,0,3.531783659127541e-05,0.007145578507333994,1.0
1.2320533990859985,0.6328417658805847,0.6315644383430481,0.0008083581924438477,0.6341190934181213,0.6328417658805847,1,0,3.6150864616502076e-05,0.006867220159620047,0.9999999403953552
1.242070198059082,0.62583327293396,0.6244925856590271,0.0008390247821807861,0.6271739602088928,0.62583327293396,1,0,3.696098428918049e-05,0.006593281868845224,1.0
1.252086877822876,0.6188254356384277,0.6174213886260986,0.0008688569068908691,0.6202294826507568,0.6188254356384277,1,0,3.7750043702544644e-05,0.006324664689600468,1.0
1.26210355758667,0.6118181347846985,0.6103509068489075,0.0008976757526397705,0.6132853627204895,0.6118181347846985,1,0,3.851339715765789e-05,0.00606209971010685,0.9999998807907104
1.2721202373504639,0.6048112511634827,0.6032807230949402,0.0009256899356842041,0.6063417792320251,0.6048112511634827,1,0,3.92560068576131e-05,0.005806550849229097,1.0
1.2821369171142578,0.597804605960846,0.5962107181549072,0.0009528398513793945,0.5993984937667847,0.597804605960846,1,0,3.99717828258872e-05,0.005559047684073448,1.0
1.2921535968780518,0.5907986164093018,0.5891413688659668,0.000979095697402954,0.5924558639526367,0.5907986164093018,1,0,4.0663617255631834e-05,0.005320528522133827,1.0
1.3021702766418457,0.5837926864624023,0.5820722579956055,0.0010043680667877197,0.5855131149291992,0.5837926864624023,1,0,4.1328421502839774e-05,0.005092304199934006,1.0
1.3121869564056396,0.5767871141433716,0.5750033259391785,0.0010288655757904053,0.5785709023475647,0.5767871141433716,1,0,4.195922883809544e-05,0.004875637590885162,1.0
1.3222036361694336,0.5697819590568542,0.5679354071617126,0.0010521411895751953,0.5716285109519958,0.5697819590568542,1,0,4.2568364733597264e-05,0.0046717217192053795,1.0
1.332220435142517,0.5627768635749817,0.5608673691749573,0.0010746121406555176,0.5646863579750061,0.5627768635749817,1,0,4.314664693083614e-05,0.004482181742787361,1.0
1.342237114906311,0.5557718276977539,0.5537997484207153,0.0010960400104522705,0.5577439069747925,0.5557718276977539,1,0,4.3694937630789354e-05,0.0043083131313323975,1.0
1.352253794670105,0.5487673282623291,0.5467327237129211,0.0011165142059326172,0.5508019328117371,0.5487673282623291,1,0,4.4214186345925555e-05,0.004151717759668827,1.0
1.362270474433899,0.5417627692222595,0.5396661162376404,0.0011358857154846191,0.5438594222068787,0.5417627692222595,1,0,4.470541171031073e-05,0.004013772588223219,0.9999999403953552
1.3722871541976929,0.534758448600769,0.532599925994873,0.0011543035507202148,0.536916971206665,0.534758448600769,1,0,4.516249100561254e-05,0.0038959323428571224,0.9999999403953552
1.3823038339614868,0.5277540683746338,0.5255338549613953,0.0011717379093170166,0.5299742817878723,0.5277540683746338,1,0,4.559130684356205e-05,0.00379930529743433,0.9999999403953552
1.3923205137252808,0.520750105381012,0.51846843957901,0.0011881589889526367,0.5230317711830139,0.520750105381012,1,0,4.598899249685928e-05,0.003724752925336361,1.0
1.4023373126983643,0.513745903968811,0.511403501033783,0.001203387975692749,0.5160883069038391,0.513745903968811,1,0,4.6355125959962606e-05,0.0036729220300912857,1.0
1.4123539924621582,0.5067415833473206,0.5043384432792664,0.0012177824974060059,0.5091447234153748,0.5067415833473206,1,0,4.668930341722444e-05,0.0036437511444091797,1.0
1.4223706722259521,0.49973738193511963,0.4972739517688751,0.001231074333190918,0.5022008419036865,0.49973738193511963,1,0,4.699280907516368e-05,0.003637009998783469,1.0
1.432387351989746,0.49273303151130676,0.4902101457118988,0.0012431144714355469,0.4952559173107147,0.49273303151130676,1,0,4.726533006760292e-05,0.0036518548149615526,0.9999999403953552
1.44240403175354,0.4857287108898163,0.4831463694572449,0.0012543201446533203,0.4883110523223877,0.4857287108898163,1,0,4.750658627017401e-05,0.0036870059557259083,1.0
1.452420711517334,0.47872409224510193,0.47608304023742676,0.001264333724975586,0.4813651442527771,0.47872409224510193,1,0,4.7719633585074916e-05,0.003741046879440546,1.0
1.462437391281128,0.4717195928096771,0.46901994943618774,0.0012734681367874146,0.4744192361831665,0.4717195928096771,1,0,4.78993242722936e-05,0.0038120821118354797,1.0
1.4724540710449219,0.46471449732780457,0.4619574546813965,0.0012812316417694092,0.46747153997421265,0.46471449732780457,1,0,4.8048772441688925e-05,0.0038983796257525682,1.0
1.4824707508087158,0.4577094316482544,0.45489490032196045,0.0012882351875305176,0.46052396297454834,0.4577094316482544,1,0,4.816701039089821e-05,0.003997804597020149,1.0
1.4924875497817993,0.45070427656173706,0.44783303141593933,0.0012940764427185059,0.4535755217075348,0.45070427656173706,1,0,4.825971700483933e-05,0.004108686000108719,1.0
1.5025042295455933,0.4436987638473511,0.4407714903354645,0.0012988299131393433,0.44662603735923767,0.4436987638473511,1,0,4.831853220821358e-05,0.004229085054248571,0.9999998807907104
1.5125209093093872,0.4366929829120636,0.4337098300457001,0.0013027191162109375,0.4396761357784271,0.4366929829120636,1,0,4.835251093027182e-05,0.0043573640286922455,0.9999999403953552
1.5225375890731812,0.42968690395355225,0.42664897441864014,0.0013053715229034424,0.43272483348846436,0.42968690395355225,1,0,4.835748768527992e-05,0.0044920360669493675,1.0
1.532554268836975,0.42268046736717224,0.4195883572101593,0.001306980848312378,0.4257725775241852,0.42268046736717224,1,0,4.833261846215464e-05,0.0046316757798194885,1.0
1.542570948600769,0.41567355394363403,0.41252774000167847,0.0013076364994049072,0.4188193678855896,0.41567355394363403,1,0,4.8282079660566524e-05,0.004775042645633221,1.0
1.552587628364563,0.40866637229919434,0.40546756982803345,0.0013072490692138672,0.4118651747703552,0.40866637229919434,1,0,4.820341928279959e-05,0.004921142943203449,1.0
1.5626044273376465,0.4016588628292084,0.39840778708457947,0.0013058185577392578,0.4049099385738373,0.4016588628292084,1,0,4.8102498112712055e-05,0.005068878643214703,1.0
1.5726211071014404,0.3946509063243866,0.3913482129573822,0.0013034045696258545,0.397953599691391,0.3946509063243866,1,0,4.7971130697987974e-05,0.005217489320784807,1.0
1.5826377868652344,0.3876425325870514,0.38428905606269836,0.0012999475002288818,0.3909960091114044,0.3876425325870514,1,0,4.781850293511525e-05,0.0053662522695958614,1.0
1.5926544666290283,0.38063377141952515,0.377230167388916,0.001295521855354309,0.3840373754501343,0.38063377141952515,1,0,4.764061304740608e-05,0.005514457356184721,1.0
1.6026711463928223,0.37362441420555115,0.37017157673835754,0.001290053129196167,0.37707725167274475,0.37362441420555115,1,0,4.7437595640076324e-05,0.00566152622923255,1.0
1.6126878261566162,0.3666146695613861,0.3631129860877991,0.0012837648391723633,0.37011635303497314,0.3666146695613861,1,0,4.721452933154069e-05,0.005806974601000547,1.0
1.6227045059204102,0.3596043586730957,0.35605499148368835,0.0012763738632202148,0.36315372586250305,0.3596043586730957,1,0,4.696911491919309e-05,0.005950471851974726,1.0
1.632721185684204,0.35259339213371277,0.3489971458911896,0.0012680143117904663,0.35618963837623596,0.35259339213371277,1,0,4.67055979243014e-05,0.0060915714129805565,1.0
1.642737865447998,0.34558191895484924,0.3419395983219147,0.0012587159872055054,0.3492242395877838,0.34558191895484924,1,0,4.641682971850969e-05,0.0062299082055687904,1.0
1.6527546644210815,0.33856990933418274,0.3348821997642517,0.0012485459446907043,0.34225761890411377,0.33856990933418274,1,0,4.6111144911265e-05,0.006365188397467136,1.0
1.6627713441848755,0.3315572440624237,0.3278249502182007,0.0012374743819236755,0.33528953790664673,0.3315572440624237,1,0,4.5784690883010626e-05,0.0064972578547894955,1.0
1.6727880239486694,0.3245443105697632,0.3207682967185974,0.0012254789471626282,0.32832032442092896,0.3245443105697632,1,0,4.5443321141647175e-05,0.00662575475871563,1.0
1.6828047037124634,0.3175305426120758,0.31371164321899414,0.0012126192450523376,0.32134944200515747,0.3175305426120758,1,0,4.508401616476476e-05,0.006750616244971752,1.0
1.6928213834762573,0.3105160593986511,0.3066551685333252,0.0011988654732704163,0.31437695026397705,0.3105160593986511,1,0,4.4707805500365794e-05,0.006871611811220646,1.0
1.7028380632400513,0.3035008907318115,0.29959920048713684,0.0011841654777526855,0.3074025809764862,0.3035008907318115,1,0,4.4315707782516256e-05,0.0069886064156889915,1.0
1.7128547430038452,0.2964853346347809,0.29254359006881714,0.001168668270111084,0.30042707920074463,0.2964853346347809,1,0,4.3910327804042026e-05,0.007101492490619421,1.0
1.7228715419769287,0.28946879506111145,0.2854878008365631,0.0011523663997650146,0.2934497892856598,0.28946879506111145,1,0,4.348794027464464e-05,0.00721012195572257,1.0
1.7328882217407227,0.2824517488479614,0.27843233942985535,0.0011352896690368652,0.2864711582660675,0.2824517488479614,1,0,4.305742550059222e-05,0.0073144445195794106,1.0
1.7429049015045166,0.2754340171813965,0.2713770866394043,0.001117415726184845,0.27949094772338867,0.2754340171813965,1,0,4.2611154640326276e-05,0.007414322346448898,1.0
1.7529215812683105,0.2684154808521271,0.26432210206985474,0.001098722219467163,0.2725088596343994,0.2684154808521271,1,0,4.215482113067992e-05,0.007509812247008085,1.0
1.7629382610321045,0.2613961398601532,0.2572675049304962,0.0010792091488838196,0.2655247747898102,0.2613961398601532,1,0,4.1688628698466346e-05,0.007600747048854828,1.0
1.7729549407958984,0.25437629222869873,0.25021299719810486,0.0010590478777885437,0.2585395872592926,0.25437629222869873,1,0,4.121201709494926e-05,0.007687155157327652,1.0
1.7829716205596924,0.24735558032989502,0.2431585043668747,0.0010381713509559631,0.25155264139175415,0.24735558032989502,1,0,4.0725972212385386e-05,0.007768968585878611,1.0
1.7929883003234863,0.24033419787883759,0.2361045777797699,0.0010165199637413025,0.24456381797790527,0.24033419787883759,1,0,4.023373912787065e-05,0.007846218533813953,1.0
1.8030049800872803,0.2333119809627533,0.2290504425764084,0.0009942688047885895,0.2375735193490982,0.2333119809627533,1,0,3.9729467971483245e-05,0.0079187685623765,1.0
1.8130217790603638,0.2262887805700302,0.22199684381484985,0.0009712167084217072,0.23058071732521057,0.2262887805700302,1,0,3.9224643842317164e-05,0.007986734621226788,1.0
1.8230384588241577,0.21926510334014893,0.2149433195590973,0.0009476169943809509,0.22358688712120056,0.21926510334014893,1,0,3.870821092277765e-05,0.008050081320106983,0.9999999403953552
1.8330551385879517,0.21224069595336914,0.2078898400068283,0.0009234286844730377,0.21659155189990997,0.21224069595336914,1,0,3.819151970674284e-05,0.008108779788017273,1.0
1.8430718183517456,0.2052154690027237,0.20083683729171753,0.0008985623717308044,0.20959410071372986,0.2052154690027237,1,0,3.766586087294854e-05,0.008162876591086388,1.0
1.8530884981155396,0.19818931818008423,0.19378401339054108,0.0008730851113796234,0.20259462296962738,0.19818931818008423,1,0,3.713875776156783e-05,0.008212422020733356,1.0
1.8631051778793335,0.19116246700286865,0.18673111498355865,0.0008471086621284485,0.19559381902217865,0.19116246700286865,1,0,3.660671427496709e-05,0.008257335983216763,1.0
1.8731218576431274,0.1841345876455307,0.17967866361141205,0.0008204914629459381,0.18859051167964935,0.1841345876455307,1,0,3.607349572121166e-05,0.00829775258898735,1.0
1.883138656616211,0.1771058589220047,0.17262603342533112,0.0007934048771858215,0.18158568441867828,0.1771058589220047,1,0,3.5539927921490744e-05,0.008333668112754822,1.0
1.8931553363800049,0.17007653415203094,0.16557370126247406,0.000765826553106308,0.17457936704158783,0.17007653415203094,1,0,3.500328239169903e-05,0.008365055546164513,1.0
1.9031720161437988,0.16304615139961243,0.1585216373205185,0.000737704336643219,0.16757066547870636,0.16304615139961243,1,0,3.4467215300537646e-05,0.0083920331671834,1.0
1.9131886959075928,0.15601514279842377,0.1514698714017868,0.0007091313600540161,0.16056041419506073,0.15601514279842377,1,0,3.39283469656948e-05,0.008414563722908497,0.9999999403953552
1.9232053756713867,0.1489836573600769,0.14441831409931183,0.000680161640048027,0.15354900062084198,0.1489836573600769,1,0,3.339027534821071e-05,0.00843276921659708,1.0
1.9332220554351807,0.14195096492767334,0.13736677169799805,0.0006507299840450287,0.14653515815734863,0.14195096492767334,1,0,3.285582351963967e-05,0.008446690626442432,1.0
1.9432387351989746,0.13491716980934143,0.13031519949436188,0.0006208848208189011,0.13951914012432098,0.13491716980934143,1,0,3.232161543564871e-05,0.008456339128315449,1.0
1.9532554149627686,0.12788313627243042,0.12326425313949585,0.0005906783044338226,0.132502019405365,0.12788313627243042,1,0,3.1788425985723734e-05,0.008461817167699337,1.0
1.9632720947265625,0.12084802985191345,0.11621320247650146,0.0005601095035672188,0.12548285722732544,0.12084802985191345,1,0,3.125833973172121e-05,0.008463045582175255,0.9999999403953552
1.973288893699646,0.11381181329488754,0.1091623604297638,0.000529162585735321,0.11846126616001129,0.11381181329488754,1,0,3.0730723665328696e-05,0.008460287004709244,1.0
1.98330557346344,0.10677490383386612,0.10211147367954254,0.0004979372024536133,0.1114383339881897,0.10677490383386612,1,0,3.020432632183656e-05,0.008453461341559887,1.0
1.9933222532272339,0.0997372716665268,0.09506097435951233,0.00046640168875455856,0.10441356897354126,0.0997372716665268,1,0,2.9685073968721554e-05,0.008442636579275131,1.0
2.0033388137817383,0.09269895404577255,0.08801070600748062,0.00043459609150886536,0.09738720208406448,0.09269895404577255,1,0,2.9168390028644353e-05,0.008428040891885757,1.0
2.0133557319641113,0.08565948903560638,0.08096039295196533,0.0004025218077003956,0.09035858511924744,0.08565948903560638,1,0,2.865815804398153e-05,0.008409446105360985,1.0
2.0233724117279053,0.07861928641796112,0.07391027361154556,0.000370219349861145,0.08332829922437668,0.07861928641796112,1,0,2.814926665450912e-05,0.008387141861021519,1.0
2.033389091491699,0.07157813012599945,0.06686018407344818,0.0003377017565071583,0.07629607617855072,0.07157813012599945,1,0,2.7648067771224305e-05,0.008361181244254112,1.0
2.043405771255493,0.06453657150268555,0.05981055647134781,0.00030500092543661594,0.06926258653402328,0.06453657150268555,1,0,2.7152613256475888e-05,0.008331536315381527,1.0
2.053422451019287,0.05749375373125076,0.05276095122098923,0.00027210661210119724,0.0622265562415123,0.05749375373125076,1,0,2.66634833678836e-05,0.008298369124531746,1.0
2.063439130783081,0.05045035481452942,0.0457114651799202,0.00023907865397632122,0.05518924444913864,0.05045035481452942,1,0,2.6178800908382982e-05,0.008261704817414284,1.0
2.073455810546875,0.043406061828136444,0.03866209834814072,0.0002059167018160224,0.04815002530813217,0.043406061828136444,1,0,2.5702189304865897e-05,0.008221592754125595,1.0
2.083472490310669,0.03636123985052109,0.031613122671842575,0.00017264741472899914,0.0411093570291996,0.03636123985052109,1,0,2.5230554456356913e-05,0.008178173564374447,1.0
2.093489170074463,0.029315132647752762,0.024563882499933243,0.00013928348198533058,0.03406638279557228,0.029315132647752762,1,0,2.476744157320354e-05,0.008131437934935093,1.0
2.103505849838257,0.02226880192756653,0.01751529611647129,0.00010585488053038716,0.027022307738661766,0.02226880192756653,1,0,2.430861786706373e-05,0.00808157678693533,1.0
2.113522529602051,0.015220919623970985,0.010466383770108223,7.236842066049576e-05,0.019975455477833748,0.015220919623970985,1,0,2.3859323846409097e-05,0.008028578013181686,1.0
2.1235392093658447,0.008172700181603432,0.003417776897549629,3.886056219926104e-05,0.012927623465657234,0.008172700181603432,1,0,2.341652725590393e-05,0.007972556166350842,1.0
2.1335558891296387,0.0011238064616918564,-0.0036305412650108337,5.34296668774914e-06,0.0058781541883945465,0.0011238064616918564,1,0,2.2983022063272074e-05,0.00791354663670063,1.0
2.1435725688934326,-0.0059260595589876175,-0.010678846389055252,2.816529740812257e-05,0.001173272728919983,0.0059260595589876175,0,0,2.255583240184933e-05,0.007851672358810902,1.0
2.1535892486572266,-0.012976562604308128,-0.017726939171552658,6.164355727378279e-05,0.008226186037063599,0.012976562604308128,0,0,2.213489278801717e-05,0.007786995731294155,1.0
2.1636061668395996,-0.02002834342420101,-0.02477528527379036,9.507336653769016e-05,0.015281401574611664,0.02002834342420101,0,0,2.172514177800622e-05,0.007719633635133505,1.0
2.1736228466033936,-0.027080560103058815,-0.03182302787899971,0.00012842868454754353,0.02233809232711792,0.027080560103058815,0,0,2.1322519387467764e-05,0.007649619597941637,1.0
2.1836395263671875,-0.03413345664739609,-0.03887101635336876,0.00016170938033610582,0.029395896941423416,0.03413345664739609,0,0,2.092857175739482e-05,0.007577059790492058,1.0
2.1936562061309814,-0.041186973452568054,-0.04591836407780647,0.00019487168174237013,0.036455582827329636,0.041186973452568054,0,0,2.0541539925034158e-05,0.0075019546784460545,1.0
2.2036728858947754,-0.04824125021696091,-0.052965689450502396,0.0002279127947986126,0.04351681098341942,0.04824125021696091,0,0,2.0162937289569527e-05,0.007424508687108755,1.0
2.2136895656585693,-0.05529654026031494,-0.06001323089003563,0.0002608166541904211,0.050579849630594254,0.05529654026031494,0,0,1.97947501874296e-05,0.007344747427850962,1.0
2.2237062454223633,-0.06235232204198837,-0.06706021726131439,0.00029354821890592575,0.057644426822662354,0.06235232204198837,0,0,1.943205643328838e-05,0.007262729108333588,1.0
2.2337229251861572,-0.06940887123346329,-0.07410745322704315,0.00032612308859825134,0.06471028923988342,0.06940887123346329,0,0,1.9080007405136712e-05,0.007178521249443293,1.0
2.243739604949951,-0.07646620273590088,-0.0811542272567749,0.00035847537219524384,0.07177817821502686,0.07646620273590088,0,0,1.873530345619656e-05,0.0070923264138400555,1.0
2.253756284713745,-0.08352402597665787,-0.08820085227489471,0.0003906269557774067,0.07884719967842102,0.08352402597665787,0,0,1.8401411580271088e-05,0.007004122715443373,1.0
2.263772964477539,-0.09058252722024918,-0.09524740278720856,0.00042255688458681107,0.0859176516532898,0.09058252722024918,0,0,1.8073056708090007e-05,0.006913959514349699,1.0
2.273789644241333,-0.09764198213815689,-0.10229375958442688,0.0004542088136076927,0.0929902046918869,0.09764198213815689,0,0,1.7754688087734394e-05,0.006821983028203249,1.0
2.283806324005127,-0.10470212996006012,-0.10934029519557953,0.00048562604933977127,0.10006396472454071,0.10470212996006012,0,0,1.7443628166802227e-05,0.006728288717567921,1.0
2.293823003768921,-0.11176267266273499,-0.11638638377189636,0.0005167583003640175,0.10713896155357361,0.11176267266273499,0,0,1.7142721844720654e-05,0.0066329012624919415,1.0
2.303839683532715,-0.11882390081882477,-0.12343217432498932,0.0005475729703903198,0.11421562731266022,0.11882390081882477,0,0,1.6849815438035876e-05,0.006535955239087343,0.9999999403953552
2.313856363296509,-0.12588603794574738,-0.13047826290130615,0.0005780979990959167,0.1212938129901886,0.12588603794574738,0,0,1.6565740224905312e-05,0.006437442731112242,1.0
2.3238730430603027,-0.1329483985900879,-0.13752387464046478,0.000608302652835846,0.128372922539711,0.1329483985900879,0,0,1.6289372069877572e-05,0.006337613333016634,1.0
2.333889961242676,-0.1400117427110672,-0.14456984400749207,0.0006381887942552567,0.13545364141464233,0.1400117427110672,0,0,1.6021052942960523e-05,0.006236356217414141,1.0
2.3439066410064697,-0.14707572758197784,-0.1516152322292328,0.0006676521152257919,0.1425362229347229,0.14707572758197784,0,0,1.576111390022561e-05,0.006133885122835636,1.0
2.3539233207702637,-0.1541401892900467,-0.15866053104400635,0.000696767121553421,0.14961984753608704,0.1541401892900467,0,0,1.5510811863350682e-05,0.006030120421200991,1.0
2.3639400005340576,-0.16120503842830658,-0.16570577025413513,0.0007255412638187408,0.15670430660247803,0.16120503842830658,0,0,1.5266239643096924e-05,0.005925347562879324,1.0
2.3739566802978516,-0.16827057301998138,-0.17275075614452362,0.0007538832724094391,0.16379038989543915,0.16827057301998138,0,0,1.503146813774947e-05,0.005819511134177446,1.0
2.3839733600616455,-0.17533674836158752,-0.179795503616333,0.0007817838340997696,0.17087799310684204,0.17533674836158752,0,0,1.4804477359575685e-05,0.005712766665965319,1.0
2.3939900398254395,-0.18240346014499664,-0.1868402510881424,0.0008092857897281647,0.1779666692018509,0.18240346014499664,0,0,1.4584220480173826e-05,0.00560518866404891,1.0
2.4040067195892334,-0.18947066366672516,-0.19388481974601746,0.0008363537490367889,0.18505650758743286,0.18947066366672516,0,0,1.437329592590686e-05,0.0054967706091701984,1.0
2.4140233993530273,-0.19653844833374023,-0.20092931389808655,0.0008629746735095978,0.19214758276939392,0.19653844833374023,0,0,1.4169292626320384e-05,0.0053876773454248905,1.0
2.4240400791168213,-0.2036067545413971,-0.2079734206199646,0.0008890815079212189,0.1992400884628296,0.2036067545413971,0,0,1.397387677570805e-05,0.0052779545076191425,1.0
2.4340567588806152,-0.21067534387111664,-0.2150176763534546,0.0009148232638835907,0.2063330113887787,0.21067534387111664,0,0,1.3784243492409587e-05,0.005167657043784857,1.0
2.444073438644409,-0.217744380235672,-0.22206155955791473,0.0009400397539138794,0.21342720091342926,0.217744380235672,0,0,1.3602938452095259e-05,0.005056892521679401,1.0
2.454090118408203,-0.2248145192861557,-0.22910554707050323,0.0009646862745285034,0.22052349150180817,0.2248145192861557,0,0,1.3431571460387204e-05,0.004945863038301468,1.0
2.464106798171997,-0.23188479244709015,-0.2361491173505783,0.0009888336062431335,0.227620467543602,0.23188479244709015,0,0,1.3264762856124435e-05,0.0048344493843615055,1.0
2.474123477935791,-0.2389555126428604,-0.24319274723529816,0.0010125115513801575,0.23471827805042267,0.2389555126428604,0,0,1.3106332517054398e-05,0.004722784738987684,1.0
2.484140396118164,-0.2460266500711441,-0.2502363324165344,0.001035694032907486,0.24181696772575378,0.2460266500711441,0,0,1.2954002158949152e-05,0.004610965494066477,1.0
2.494157075881958,-0.2530985176563263,-0.25727981328964233,0.0010582730174064636,0.24891722202301025,0.2530985176563263,0,0,1.2809387953893747e-05,0.004499147646129131,1.0
2.504173755645752,-0.2601701617240906,-0.26432254910469055,0.001080334186553955,0.2560177743434906,0.2601701617240906,0,0,1.2671101103478577e-05,0.004387327004224062,1.0
2.514190435409546,-0.26724326610565186,-0.27136582136154175,0.0011017248034477234,0.26312071084976196,0.26724326610565186,0,0,1.2541584510472603e-05,0.0042755878530442715,1.0
2.52420711517334,-0.27431565523147583,-0.27840858697891235,0.0011227577924728394,0.2702227234840393,0.27431565523147583,0,0,1.2416513527568895e-05,0.004164095502346754,1.0
2.534223794937134,-0.2813890874385834,-0.2854512333869934,0.001143045723438263,0.27732694149017334,0.2813890874385834,0,0,1.2299175978114363e-05,0.004052807576954365,1.0
2.5442404747009277,-0.28846275806427,-0.29249370098114014,0.0011627748608589172,0.2844318151473999,0.28846275806427,0,0,1.2188636901555583e-05,0.003941922448575497,1.0
2.5542571544647217,-0.2955363988876343,-0.2995361089706421,0.001182056963443756,0.29153668880462646,0.2955363988876343,0,0,1.2083569345122669e-05,0.0038314785342663527,0.9999998807907104
2.5642738342285156,-0.30261093378067017,-0.30657827854156494,0.001200556755065918,0.2986435890197754,0.30261093378067017,0,0,1.1987209290964529e-05,0.003721584565937519,1.0
2.5742905139923096,-0.3096854090690613,-0.3136202394962311,0.0012185648083686829,0.3057505786418915,0.3096854090690613,0,0,1.1895346688106656e-05,0.003612292231991887,1.0
2.5843071937561035,-0.31676024198532104,-0.32066234946250916,0.0012360289692878723,0.31285813450813293,0.31676024198532104,0,0,1.1810391697508749e-05,0.003503735875710845,1.0
2.5943238735198975,-0.32383567094802856,-0.3277038633823395,0.0012526586651802063,0.31996747851371765,0.32383567094802856,0,0,1.1731047379726078e-05,0.0033959553111344576,1.0
2.6043405532836914,-0.33091118931770325,-0.3347456455230713,0.0012688636779785156,0.3270767331123352,0.33091118931770325,0,0,1.1658483344945125e-05,0.003289153566583991,1.0
2.6143572330474854,-0.3379875123500824,-0.34178709983825684,0.0012842118740081787,0.33418792486190796,0.3379875123500824,0,0,1.1592231203394476e-05,0.003183352295309305,0.9999999403953552
2.6243739128112793,-0.34506359696388245,-0.34882816672325134,0.0012990161776542664,0.34129902720451355,0.34506359696388245,0,0,1.1531024028954562e-05,0.0030787265859544277,1.0
2.6343905925750732,-0.3521402180194855,-0.3558696508407593,0.0013132914900779724,0.34841078519821167,0.3521402180194855,0,0,1.1476844520075247e-05,0.00297528482042253,1.0
2.644407272338867,-0.359216570854187,-0.36291056871414185,0.0013269484043121338,0.3555225729942322,0.359216570854187,0,0,1.1426821401983034e-05,0.002873204415664077,1.0
2.6544241905212402,-0.3662939667701721,-0.36995160579681396,0.0013397634029388428,0.3626363277435303,0.3662939667701721,0,0,1.1382940101611894e-05,0.0027727012056857347,1.0
2.664440870285034,-0.373370885848999,-0.37699246406555176,0.0013521909713745117,0.3697493076324463,0.373370885848999,0,0,1.1344764061504975e-05,0.002673812909051776,1.0
2.674457550048828,-0.38044852018356323,-0.3840329945087433,0.001363709568977356,0.3768640458583832,0.38044852018356323,0,0,1.1313065442664083e-05,0.002576663391664624,1.0
2.684474229812622,-0.38752618432044983,-0.3910732865333557,0.0013746023178100586,0.38397908210754395,0.38752618432044983,0,0,1.1285816981398966e-05,0.0024814517237246037,1.0
2.694490909576416,-0.3946041464805603,-0.3981139361858368,0.0013849884271621704,0.3910943567752838,0.3946041464805603,0,0,1.1264601198490709e-05,0.0023883485700935125,1.0
2.70450758934021,-0.40168190002441406,-0.4051536023616791,0.001394525170326233,0.39821019768714905,0.40168190002441406,0,0,1.1248203918512445e-05,0.002297518774867058,1.0
2.714524269104004,-0.4087602198123932,-0.41219380497932434,0.001403510570526123,0.40532663464546204,0.4087602198123932,0,0,1.1237011676712427e-05,0.0022091460414230824,1.0
2.724540948867798,-0.4158386290073395,-0.4192333519458771,0.0014116615056991577,0.4124439060688019,0.4158386290073395,0,0,1.1231817552470602e-05,0.002123444341123104,1.0
2.734557628631592,-0.42291709780693054,-0.4262731075286865,0.0014193058013916016,0.41956108808517456,0.42291709780693054,0,0,1.1231018106627744e-05,0.0020406085532158613,1.0
2.7445743083953857,-0.4299958050251007,-0.43331271409988403,0.0014262497425079346,0.4266788959503174,0.4299958050251007,0,0,1.1235013516852632e-05,0.001960944849997759,1.0
2.7545909881591797,-0.4370746612548828,-0.44035232067108154,0.0014325827360153198,0.4337970018386841,0.4370746612548828,0,0,1.1244205779803451e-05,0.001884621917270124,1.0
2.7646076679229736,-0.44415345788002014,-0.4473913013935089,0.0014380961656570435,0.44091561436653137,0.44415345788002014,0,0,1.1259000530117191e-05,0.001811967696994543,1.0
2.7746243476867676,-0.4512327015399933,-0.45443055033683777,0.0014429688453674316,0.4480348527431488,0.4512327015399933,0,0,1.1279009413556196e-05,0.0017432869644835591,1.0
2.7846410274505615,-0.4583114981651306,-0.46146923303604126,0.0014472156763076782,0.45515376329421997,0.4583114981651306,0,0,1.1301841368549503e-05,0.0016788351349532604,1.0
2.7946577072143555,-0.46539098024368286,-0.46850836277008057,0.0014508068561553955,0.46227359771728516,0.46539098024368286,0,0,1.133111618401017e-05,0.0016189423622563481,1.0
2.8046746253967285,-0.47247031331062317,-0.47554710507392883,0.001453682780265808,0.4693935215473175,0.47247031331062317,0,0,1.136404443968786e-05,0.0015639275079593062,0.9999999403953552
2.8146913051605225,-0.4795496463775635,-0.48258575797080994,0.0014559626579284668,0.476513534784317,0.4795496463775635,0,0,1.1402254131098744e-05,0.0015140792820602655,1.0
2.8247079849243164,-0.4866291284561157,-0.4896239936351776,0.0014573782682418823,0.48363426327705383,0.4866291284561157,0,0,1.1444559277151711e-05,0.0014697201550006866,1.0
2.8347246646881104,-0.4937087297439575,-0.49666211009025574,0.0014581084251403809,0.4907553493976593,0.4937087297439575,0,0,1.1492195881146472e-05,0.0014310572296380997,1.0
2.8447413444519043,-0.5007883310317993,-0.5037004947662354,0.0014583766460418701,0.4978761672973633,0.5007883310317993,0,0,1.154398159997072e-05,0.0013983661774545908,1.0
2.8547580242156982,-0.5078675150871277,-0.5107381939888,0.0014579296112060547,0.5049968361854553,0.5078675150871277,0,0,1.1598319360928144e-05,0.0013717449037358165,1.0
2.864774703979492,-0.5149472951889038,-0.517776370048523,0.00145682692527771,0.5121182203292847,0.5149472951889038,0,0,1.1658483344945125e-05,0.0013512950390577316,1.0
2.874791383743286,-0.5220265984535217,-0.5248137712478638,0.0014549791812896729,0.5192394256591797,0.5220265984535217,0,0,1.1722475392161869e-05,0.0013370527885854244,1.0
2.88480806350708,-0.5291061997413635,-0.5318512916564941,0.0014524459838867188,0.5263611078262329,0.5291061997413635,0,0,1.1791144061135128e-05,0.001328894286416471,1.0
2.894824743270874,-0.5361855626106262,-0.5388885140419006,0.001449286937713623,0.5334826111793518,0.5361855626106262,0,0,1.1862888641189784e-05,0.0013266243040561676,1.0
2.904841423034668,-0.5432651042938232,-0.5459257960319519,0.0014454424381256104,0.5406044125556946,0.5432651042938232,0,0,1.1940615877392702e-05,0.001330001512542367,1.0
2.914858102798462,-0.5503449440002441,-0.5529633164405823,0.0014410018920898438,0.547726571559906,0.5503449440002441,0,0,1.2020664144074544e-05,0.0013387466315180063,1.0
2.924874782562256,-0.5574243068695068,-0.5600001811981201,0.0014358758926391602,0.5548484325408936,0.5574243068695068,0,0,1.2104712368454784e-05,0.0013523268280550838,1.0
2.93489146232605,-0.5645034909248352,-0.5670371055603027,0.0014302432537078857,0.5619698762893677,0.5645034909248352,0,0,1.2193215297884308e-05,0.0013704323209822178,0.9999999403953552
2.9449081420898438,-0.5715830326080322,-0.574073851108551,0.0014237165451049805,0.5690922141075134,0.5715830326080322,0,0,1.2284547665331047e-05,0.0013926560059189796,1.0
2.9549248218536377,-0.5786623954772949,-0.5811105370521545,0.0014166533946990967,0.5762142539024353,0.5786623954772949,0,0,1.2380414773360826e-05,0.0014183677267283201,1.0
2.9649415016174316,-0.585741400718689,-0.5881471633911133,0.0014091730117797852,0.5833356380462646,0.585741400718689,0,0,1.2479602446546778e-05,0.0014472455950453877,1.0
2.9749584197998047,-0.5928202271461487,-0.5951833724975586,0.0014009177684783936,0.5904570817947388,0.5928202271461487,0,0,1.2581722330651246e-05,0.0014788014814257622,1.0
2.9849750995635986,-0.5998995900154114,-0.6022197604179382,0.0013918578624725342,0.5975794196128845,0.5998995900154114,0,0,1.268723099201452e-05,0.0015127058140933514,1.0
2.9949917793273926,-0.6069784760475159,-0.6092559695243835,0.001382380723953247,0.6047009825706482,0.6069784760475159,0,0,1.2796591363439802e-05,0.001548402477055788,0.9999999403953552
3.0050082206726074,-0.6140570044517517,-0.6162919998168945,0.0013723969459533691,0.6118220090866089,0.6140570044517517,0,0,1.2908990356663708e-05,0.001585636637173593,1.0
3.0150249004364014,-0.6211355924606323,-0.623327910900116,0.0013617277145385742,0.6189432740211487,0.6211355924606323,0,0,1.3024892723478843e-05,0.0016241335542872548,1.0
3.0250415802001953,-0.6282142996788025,-0.630363941192627,0.0013504326343536377,0.626064658164978,0.6282142996788025,0,0,1.3144338481652085e-05,0.0016634808853268623,1.0
3.0350584983825684,-0.6352931261062622,-0.6373996734619141,0.001338273286819458,0.6331865787506104,0.6352931261062622,0,0,1.326519668509718e-05,0.001703522983007133,0.9999999403953552
3.0450751781463623,-0.6423713564872742,-0.6444354057312012,0.0013258755207061768,0.6403073072433472,0.6423713564872742,0,0,1.339053505944321e-05,0.0017439665971323848,1.0
3.0550918579101562,-0.6494492888450623,-0.651470959186554,0.0013129711151123047,0.6474276185035706,0.6494492888450623,0,0,1.3517777006200049e-05,0.0017845809925347567,1.0
3.06510853767395,-0.6565273404121399,-0.6585063934326172,0.0012992918491363525,0.6545482873916626,0.6565273404121399,0,0,1.3647822015627753e-05,0.001825243583880365,0.9999998807907104
3.075125217437744,-0.6636053323745728,-0.6655415296554565,0.001284867525100708,0.661669135093689,0.6636053323745728,0,0,1.3780259905615821e-05,0.001865746104158461,1.0
3.085141897201538,-0.670682966709137,-0.6725771427154541,0.0012704133987426758,0.6687887907028198,0.670682966709137,0,0,1.3916005627834238e-05,0.0019059476908296347,1.0
3.095158576965332,-0.6777603030204773,-0.6796121001243591,0.0012550950050354004,0.6759085059165955,0.6777603030204773,0,0,1.4053757695364766e-05,0.0019457258749753237,1.0
3.105175256729126,-0.6848379969596863,-0.6866471767425537,0.001239001750946045,0.6830288171768188,0.6848379969596863,0,0,1.4193085917213466e-05,0.0019849499221891165,1.0
3.11519193649292,-0.6919152140617371,-0.6936823725700378,0.0012227296829223633,0.6901480555534363,0.6919152140617371,0,0,1.4335358173411805e-05,0.0020235662814229727,1.0
3.125208616256714,-0.6989918351173401,-0.7007170915603638,0.0012059509754180908,0.6972665786743164,0.6989918351173401,0,0,1.4478339835477527e-05,0.0020614408422261477,1.0
3.135225296020508,-0.7060686945915222,-0.707751989364624,0.001188516616821289,0.7043853998184204,0.7060686945915222,0,0,1.462613363401033e-05,0.002098463010042906,1.0
3.1452419757843018,-0.7131450772285461,-0.7147864699363708,0.001170516014099121,0.7115036845207214,0.7131450772285461,0,0,1.4771929272683337e-05,0.0021347154397517443,1.0
3.1552586555480957,-0.7202219367027283,-0.7218214869499207,0.00115203857421875,0.7186223864555359,0.7202219367027283,0,0,1.4920288776920643e-05,0.0021698931232094765,1.0
3.1652753353118896,-0.7272979021072388,-0.7288560271263123,0.0011332035064697266,0.7257397770881653,0.7272979021072388,0,0,1.5071704183355905e-05,0.0022041997872292995,0.9999999403953552
3.1752920150756836,-0.7343737483024597,-0.7358904480934143,0.0011138319969177246,0.7328570485115051,0.7343737483024597,0,0,1.5224814887915272e-05,0.0022374687250703573,1.0
3.1853086948394775,-0.7414496541023254,-0.7429249286651611,0.0010938644409179688,0.7399743795394897,0.7414496541023254,0,0,1.5378231182694435e-05,0.0022696596570312977,1.0
3.1953253746032715,-0.7485252618789673,-0.7499595284461975,0.001073598861694336,0.7470909953117371,0.7485252618789673,0,0,1.5532416000496596e-05,0.002300791209563613,1.0
3.2053422927856445,-0.7556004524230957,-0.7569940090179443,0.0010529756546020508,0.7542068958282471,0.7556004524230957,0,0,1.56883161253063e-05,0.002330782823264599,1.0
3.2153589725494385,-0.7626758217811584,-0.7640284299850464,0.001031637191772461,0.7613232135772705,0.7626758217811584,0,0,1.5844518202356994e-05,0.002359644277021289,0.9999999403953552
3.2253756523132324,-0.7697505950927734,-0.7710626125335693,0.0010098814964294434,0.7684385776519775,0.7697505950927734,0,0,1.600101859366987e-05,0.002387391868978739,1.0
3.2353923320770264,-0.7768250703811646,-0.7780967950820923,0.0009878873825073242,0.7755533456802368,0.7768250703811646,0,0,1.615828659851104e-05,0.0024139706511050463,1.0
3.2454090118408203,-0.78389972448349,-0.7851312756538391,0.000965416431427002,0.7826681733131409,0.78389972448349,0,0,1.631728810025379e-05,0.002439397620037198,1.0
3.2554256916046143,-0.790973424911499,-0.7921653389930725,0.0009427666664123535,0.7897815108299255,0.790973424911499,0,0,1.64741650223732e-05,0.0024637056048959494,0.9999999403953552
3.265442371368408,-0.7980477213859558,-0.7991994619369507,0.0009191632270812988,0.7968959808349609,0.7980477213859558,0,0,1.663227885728702e-05,0.002486822661012411,1.0
3.275459051132202,-0.8051214218139648,-0.8062339425086975,0.0008957386016845703,0.8040089011192322,0.8051214218139648,0,0,1.679163506196346e-05,0.0025087492540478706,1.0
3.285475730895996,-0.8121947646141052,-0.8132678866386414,0.0008715987205505371,0.8111216425895691,0.8121947646141052,0,0,1.6949787095654756e-05,0.002529593650251627,1.0
3.29549241065979,-0.8192676305770874,-0.8203016519546509,0.000847160816192627,0.8182336091995239,0.8192676305770874,0,0,1.7106216546380892e-05,0.0025492783170193434,1.0
3.305509090423584,-0.82634037733078,-0.8273357152938843,0.0008224844932556152,0.8253450393676758,0.82634037733078,0,0,1.7262869732803665e-05,0.002567876363173127,1.0
3.315525770187378,-0.833413302898407,-0.8343701362609863,0.0007973909378051758,0.8324564695358276,0.833413302898407,0,0,1.7421230950276367e-05,0.002585351699963212,1.0
3.325542449951172,-0.8404853343963623,-0.8414039611816406,0.0007721185684204102,0.839566707611084,0.8404853343963623,0,0,1.7575317542650737e-05,0.0026017942000180483,1.0
3.335559129714966,-0.8475578427314758,-0.848438024520874,0.0007460117340087891,0.8466776609420776,0.8475578427314758,0,0,1.772907853592187e-05,0.0026171747595071793,1.0
3.3455758094787598,-0.8546295762062073,-0.8554720878601074,0.0007200241088867188,0.8537870645523071,0.8546295762062073,0,0,1.7881997337099165e-05,0.0026315157301723957,1.0
3.355592727661133,-0.8617010116577148,-0.8625059127807617,0.0006936192512512207,0.860896110534668,0.8617010116577148,0,0,1.803354825824499e-05,0.0026448757853358984,0.9999999403953552
3.3656094074249268,-0.8687725067138672,-0.8695404529571533,0.0006671547889709473,0.868004560470581,0.8687725067138672,0,0,1.8182687199441716e-05,0.0026573247741907835,1.0
3.3756260871887207,-0.8758437037467957,-0.8765745162963867,0.0006400942802429199,0.8751128911972046,0.8758437037467957,0,0,1.8330911188968457e-05,0.0026687788777053356,1.0
3.3856427669525146,-0.8829145431518555,-0.8836088180541992,0.0006129741668701172,0.8822202682495117,0.8829145431518555,0,0,1.8476148397894576e-05,0.0026793975848704576,1.0
3.3956594467163086,-0.8899847865104675,-0.8906427621841431,0.0005856156349182129,0.889326810836792,0.8899847865104675,0,0,1.8620929040480405e-05,0.0026891869492828846,1.0
3.4056761264801025,-0.8970552682876587,-0.8976767063140869,0.0005574226379394531,0.8964338302612305,0.8970552682876587,0,0,1.8763177649816498e-05,0.0026981148403137922,1.0
3.4156928062438965,-0.9041248559951782,-0.9047109484672546,0.0005298852920532227,0.9035387635231018,0.9041248559951782,0,0,1.8900784198194742e-05,0.0027063002344220877,1.0
3.4257094860076904,-0.9111950993537903,-0.9117456674575806,0.0005016922950744629,0.91064453125,0.9111950993537903,0,0,1.9037852325709537e-05,0.0027137871365994215,1.0
3.4357261657714844,-0.9182641506195068,-0.9187796115875244,0.00047338008880615234,0.9177486896514893,0.9182641506195068,0,0,1.917071858770214e-05,0.002720604883506894,1.0
3.4457428455352783,-0.925333559513092,-0.9258142709732056,0.00044482946395874023,0.9248528480529785,0.925333559513092,0,0,1.9301953216199763e-05,0.002726795617491007,1.0
3.4557595252990723,-0.9324023723602295,-0.932848334312439,0.0004158616065979004,0.93195641040802,0.9324023723602295,0,0,1.942837843671441e-05,0.002732496475800872,1.0
3.465776205062866,-0.939470648765564,-0.9398829340934753,0.00038737058639526367,0.9390583634376526,0.939470648765564,0,0,1.955258267116733e-05,0.0027376355137676,1.0
3.47579288482666,-0.9465393424034119,-0.9469177722930908,0.00035822391510009766,0.9461609125137329,0.9465393424034119,0,0,1.967400748981163e-05,0.0027423412539064884,1.0
3.485809564590454,-0.9536070823669434,-0.9539520144462585,0.00032889842987060547,0.9532621502876282,0.9536070823669434,0,0,1.9788385543506593e-05,0.0027466907631605864,1.0
3.495826244354248,-0.9606754183769226,-0.9609871506690979,0.0002994537353515625,0.9603636860847473,0.9606754183769226,0,0,1.9902563508367166e-05,0.002750733867287636,1.0
3.505842924118042,-0.9677428007125854,-0.9680217504501343,0.00026994943618774414,0.9674638509750366,0.9677428007125854,0,0,2.001173561438918e-05,0.0027544121257960796,1.0
3.515859603881836,-0.9748102426528931,-0.975056529045105,0.00024002790451049805,0.9745639562606812,0.9748102426528931,0,0,2.011479045904707e-05,0.0027580454479902983,1.0
3.525876522064209,-0.9818773865699768,-0.9820921421051025,0.00021088123321533203,0.9816626310348511,0.9818773865699768,0,0,2.0215429685777053e-05,0.002761501120403409,1.0
3.535893201828003,-0.9889443516731262,-0.9891273975372314,0.00018101930618286133,0.988761305809021,0.9889443516731262,0,0,2.0309871615609154e-05,0.0027649314142763615,1.0
3.545909881591797,-0.9960108399391174,-0.9961622953414917,0.00015085935592651367,0.9958593845367432,0.9960108399391174,0,0,2.040076651610434e-05,0.0027683598455041647,1.0
3.555926561355591,-1.0030767917633057,-1.0031977891921997,0.0001214742660522461,1.0029557943344116,1.0030767917633057,0,0,2.048592796199955e-05,0.002771912142634392,1.0
3.5659432411193848,-1.0101433992385864,-1.0102330446243286,9.059906005859375e-05,1.0100537538528442,1.0101433992385864,0,0,2.0566942112054676e-05,0.0027755829505622387,1.0
3.5759599208831787,-1.0172090530395508,-1.0172688961029053,6.091594696044922e-05,1.0171492099761963,1.0172090530395508,0,0,2.064161526504904e-05,0.002779543399810791,1.0
3.5859766006469727,-1.0242748260498047,-1.0243048667907715,3.075599670410156e-05,1.024244785308838,1.0242748260498047,0,0,2.071154085570015e-05,0.002783820265904069,1.0
3.5959932804107666,-1.0313396453857422,-1.0313401222229004,4.76837158203125e-07,1.031339168548584,1.0313396453857422,0,0,2.0775065422640182e-05,0.0027885292656719685,1.0
3.6060099601745605,-1.0384048223495483,-1.0383763313293457,2.968311309814453e-05,1.038433313369751,1.0384048223495483,0,0,2.0833787857554853e-05,0.0027936138212680817,1.0
3.6160266399383545,-1.045469880104065,-1.0454124212265015,6.008148193359375e-05,1.0455273389816284,1.045469880104065,0,0,2.0886602214886807e-05,0.0027993053663522005,1.0
3.6260433197021484,-1.0525338649749756,-1.0524486303329468,8.976459503173828e-05,1.0526190996170044,1.0525338649749756,0,0,2.0932935512973927e-05,0.0028055855073034763,1.0
3.6360599994659424,-1.059598684310913,-1.0594850778579712,0.00012028217315673828,1.059712290763855,1.059598684310913,0,0,2.0973860955564305e-05,0.0028125643730163574,1.0
3.6460766792297363,-1.0666627883911133,-1.0665218830108643,0.00015020370483398438,1.0668036937713623,1.0666627883911133,0,0,2.1008816474932246e-05,0.0028203115798532963,1.0
3.6560933589935303,-1.073726773262024,-1.0735588073730469,0.00018024444580078125,1.073894739151001,1.073726773262024,0,0,2.1037240003352053e-05,0.002828859258443117,1.0
3.666110038757324,-1.0807901620864868,-1.0805954933166504,0.0002104043960571289,1.0809848308563232,1.0807901620864868,0,0,2.1058021957287565e-05,0.002838360145688057,1.0
3.6761269569396973,-1.087854266166687,-1.0876331329345703,0.00024056434631347656,1.0880753993988037,1.087854266166687,0,0,2.1073889001854695e-05,0.002848801901564002,1.0
3.686143636703491,-1.0949170589447021,-1.0946699380874634,0.00027060508728027344,1.095164179801941,1.0949170589447021,0,0,2.108155058522243e-05,0.0028602646198123693,1.0
3.696160316467285,-1.1019806861877441,-1.101707935333252,0.00030052661895751953,1.1022534370422363,1.1019806861877441,0,0,2.1084288164274767e-05,0.0028728500474244356,1.0
3.706176996231079,-1.1090432405471802,-1.108745813369751,0.0003298521041870117,1.1093406677246094,1.1090432405471802,0,0,2.1077719793538563e-05,0.002886570058763027,1.0
3.716193675994873,-1.116105556488037,-1.11578369140625,0.0003592967987060547,1.1164274215698242,1.116105556488037,0,0,2.106513420585543e-05,0.002901501953601837,1.0
3.726210355758667,-1.1231684684753418,-1.1228219270706177,0.0003892183303833008,1.123515009880066,1.1231684684753418,0,0,2.1046535039204173e-05,0.00291767087765038,1.0
3.736227035522461,-1.1302306652069092,-1.129860758781433,0.00041806697845458984,1.1306005716323853,1.1302306652069092,0,0,2.1019199266447686e-05,0.002935153665021062,1.0
3.746243715286255,-1.137292742729187,-1.1368991136550903,0.0004476308822631836,1.1376863718032837,1.137292742729187,0,0,2.098642107739579e-05,0.002953978953883052,0.9999998807907104
3.756260395050049,-1.144355058670044,-1.1439381837844849,0.00047707557678222656,1.144771933555603,1.144355058670044,0,0,2.094657247653231e-05,0.0029741497710347176,0.9999999403953552
3.7662770748138428,-1.1514164209365845,-1.1509770154953003,0.0005059242248535156,1.1518558263778687,1.1514164209365845,0,0,2.0896954083582386e-05,0.002995743416249752,1.0
3.7762937545776367,-1.158478021621704,-1.158016562461853,0.0005345344543457031,1.1589394807815552,1.158478021621704,0,0,2.0842495359829627e-05,0.003018777584657073,1.0
3.7863104343414307,-1.1655395030975342,-1.1650562286376953,0.0005632638931274414,1.166022777557373,1.1655395030975342,0,0,2.0779412807314657e-05,0.003043274162337184,1.0
3.7963271141052246,-1.1726006269454956,-1.1720961332321167,0.0005916357040405273,1.1731051206588745,1.1726006269454956,0,0,2.0708828742499463e-05,0.0030692382715642452,1.0
3.8063437938690186,-1.1796618700027466,-1.1791363954544067,0.0006198883056640625,1.1801873445510864,1.1796618700027466,0,0,2.063024294329807e-05,0.0030966822523623705,1.0
3.8163604736328125,-1.186722755432129,-1.1861767768859863,0.0006479024887084961,1.1872687339782715,1.186722755432129,0,0,2.0544781364151277e-05,0.003125616814941168,0.9999998807907104
3.8263771533966064,-1.1937835216522217,-1.193217396736145,0.0006757974624633789,1.1943496465682983,1.1937835216522217,0,0,2.045356814051047e-05,0.0031560352072119713,0.9999998807907104
3.8363938331604004,-1.2008442878723145,-1.2002583742141724,0.0007035732269287109,1.2014302015304565,1.2008442878723145,0,0,2.0352335923234932e-05,0.00318792462348938,1.0
3.8464107513427734,-1.2079051733016968,-1.207299828529358,0.0007312297821044922,1.2085105180740356,1.2079051733016968,0,0,2.024599234573543e-05,0.003221301594749093,1.0
3.8564274311065674,-1.214965581893921,-1.2143418788909912,0.0007576942443847656,1.2155892848968506,1.214965581893921,0,0,2.0130832126596943e-05,0.003256147028878331,1.0
3.8664441108703613,-1.2220256328582764,-1.2213833332061768,0.0007849931716918945,1.222667932510376,1.2220256328582764,0,0,2.0007470084237866e-05,0.003292418085038662,1.0
3.8764607906341553,-1.22908616065979,-1.2284257411956787,0.0008116960525512695,1.2297465801239014,1.22908616065979,0,0,1.9878107195836492e-05,0.003330123843625188,1.0
3.886477470397949,-1.236146330833435,-1.2354681491851807,0.0008382797241210938,1.2368245124816895,1.236146330833435,0,0,1.973962935153395e-05,0.0033692268189042807,1.0
3.896494150161743,-1.243206262588501,-1.2425110340118408,0.0008642673492431641,1.2439014911651611,1.243206262588501,0,0,1.9595301637309603e-05,0.003409679513424635,1.0
3.906510829925537,-1.2502663135528564,-1.2495545148849487,0.0008900165557861328,1.2509781122207642,1.2502663135528564,0,0,1.9445196812739596e-05,0.0034514826256781816,1.0
3.916527509689331,-1.2573261260986328,-1.256597876548767,0.0009156465530395508,1.2580543756484985,1.2573261260986328,0,0,1.928572055476252e-05,0.003494510194286704,1.0
3.926544189453125,-1.2643855810165405,-1.2636417150497437,0.0009404420852661133,1.2651294469833374,1.2643855810165405,0,0,1.9118559066555463e-05,0.0035388669930398464,1.0
3.936560869216919,-1.2714452743530273,-1.2706860303878784,0.0009653568267822266,1.2722045183181763,1.2714452743530273,0,0,1.8945380361401476e-05,0.0035844084341078997,1.0
3.946577548980713,-1.2785053253173828,-1.2777307033538818,0.0009903907775878906,1.2792799472808838,1.2785053253173828,0,0,1.8765242202789523e-05,0.00363111007027328,1.0
3.956594228744507,-1.2855644226074219,-1.2847756147384644,0.0010139942169189453,1.2863532304763794,1.2855644226074219,0,0,1.8578772142063826e-05,0.0036788955330848694,0.9999999403953552
3.966610908508301,-1.2926236391067505,-1.291820764541626,0.0010378360748291016,1.293426513671875,1.2926236391067505,0,0,1.83845404535532e-05,0.0037277594674378633,1.0
3.9766275882720947,-1.299683690071106,-1.298866868019104,0.0010616779327392578,1.300500512123108,1.299683690071106,0,0,1.818472082959488e-05,0.0037776126991957426,1.0
3.9866442680358887,-1.3067429065704346,-1.3059126138687134,0.0010849237442016602,1.3075731992721558,1.3067429065704346,0,0,1.7976894014282152e-05,0.003828490851446986,1.0
3.9966611862182617,-1.3138024806976318,-1.3129594326019287,0.0011075735092163086,1.314645528793335,1.3138024806976318,0,0,1.77642323251348e-05,0.0038801911287009716,0.9999999403953552
4.006677627563477,-1.32086181640625,-1.3200061321258545,0.0011303424835205078,1.3217175006866455,1.32086181640625,0,0,1.754384720697999e-05,0.003932735417038202,1.0
4.01669454574585,-1.3279211521148682,-1.3270530700683594,0.0011527538299560547,1.328789234161377,1.3279211521148682,0,0,1.7319380276603624e-05,0.003986072260886431,0.9999998807907104
4.0267109870910645,-1.3349802494049072,-1.3341007232666016,0.0011742115020751953,1.335859775543213,1.3349802494049072,0,0,1.708797935862094e-05,0.004040158353745937,1.0
4.0367279052734375,-1.342039704322815,-1.3411487340927124,0.001195669174194336,1.3429306745529175,1.342039704322815,0,0,1.685030474618543e-05,0.004094861447811127,1.0
4.046744346618652,-1.3490992784500122,-1.348197102546692,0.0012171268463134766,1.3500014543533325,1.3490992784500122,0,0,1.6608464648015797e-05,0.0041501871310174465,1.0
4.056761264801025,-1.3561584949493408,-1.3552461862564087,0.0012371540069580078,1.357070803642273,1.3561584949493408,0,0,1.6358728316845372e-05,0.004206039011478424,0.9999999403953552
4.06677770614624,-1.3632173538208008,-1.362295389175415,0.0012569427490234375,1.3641393184661865,1.3632173538208008,0,0,1.610705476196017e-05,0.00426238588988781,1.0
4.076794624328613,-1.3702775239944458,-1.3693451881408691,0.0012775659561157227,1.3712098598480225,1.3702775239944458,0,0,1.584783967700787e-05,0.0043191504664719105,1.0
4.086811542510986,-1.3773367404937744,-1.376395583152771,0.0012962818145751953,1.3782778978347778,1.3773367404937744,0,0,1.558461008244194e-05,0.004376238211989403,1.0
4.096827983856201,-1.3843960762023926,-1.383446216583252,0.001314997673034668,1.3853459358215332,1.3843960762023926,0,0,1.5317053112084977e-05,0.0044336095452308655,1.0
4.106844902038574,-1.391456127166748,-1.390497088432312,0.001334547996520996,1.392415165901184,1.391456127166748,0,0,1.5045337022456806e-05,0.004491204395890236,1.0
4.116861343383789,-1.3985155820846558,-1.3975484371185303,0.001352548599243164,1.3994827270507812,1.3985155820846558,0,0,1.4768721484870184e-05,0.004548964556306601,1.0
4.126878261566162,-1.4055752754211426,-1.4046005010604858,0.001370072364807129,1.4065500497817993,1.4055752754211426,0,0,1.4487866792478599e-05,0.004606818314641714,0.9999999403953552
4.136894702911377,-1.4126346111297607,-1.411652684211731,0.0013871192932128906,1.4136165380477905,1.4126346111297607,0,0,1.4204764738678932e-05,0.004664720501750708,1.0
4.14691162109375,-1.4196946620941162,-1.418705701828003,0.0014040470123291016,1.4206836223602295,1.4196946620941162,0,0,1.3917784599470906e-05,0.004722591955214739,1.0
4.156928062438965,-1.4267539978027344,-1.4257586002349854,0.0014200210571289062,1.4277493953704834,1.4267539978027344,0,0,1.3625811334350146e-05,0.004780327435582876,0.9999999403953552
4.166944980621338,-1.4338147640228271,-1.4328128099441528,0.0014367103576660156,1.4348167181015015,1.4338147640228271,0,0,1.3333450624486431e-05,0.004837961867451668,1.0
4.176961421966553,-1.4408742189407349,-1.4398667812347412,0.0014514923095703125,1.4418816566467285,1.4408742189407349,0,0,1.3036081327300053e-05,0.00489531084895134,1.0
4.186978340148926,-1.447934865951538,-1.446921706199646,0.001466989517211914,1.4489480257034302,1.447934865951538,0,0,1.2737385077343788e-05,0.004952427465468645,1.0
4.196994781494141,-1.4549944400787354,-1.4539766311645508,0.0014810562133789062,1.45601224899292,1.4549944400787354,0,0,1.2436685210559517e-05,0.0050091492012143135,1.0
4.207011699676514,-1.4620553255081177,-1.461032509803772,0.001495361328125,1.4630781412124634,1.4620553255081177,0,0,1.2133762538724113e-05,0.0050654783844947815,1.0
4.2170281410217285,-1.4691154956817627,-1.4680885076522827,0.0015087127685546875,1.4701424837112427,1.4691154956817627,0,0,1.1829653885797597e-05,0.005121303256601095,1.0
4.227045059204102,-1.4761762619018555,-1.4751454591751099,0.0015218257904052734,1.477207064628601,1.4761762619018555,0,0,1.1525357876962516e-05,0.005176648497581482,1.0
4.237061500549316,-1.4832364320755005,-1.4822022914886475,0.0015337467193603516,1.4842705726623535,1.4832364320755005,0,0,1.1217439350730274e-05,0.005231331568211317,1.0
4.2470784187316895,-1.4902980327606201,-1.489260196685791,0.001546621322631836,1.4913358688354492,1.4902980327606201,0,0,1.091014564735815e-05,0.005285386461764574,1.0
4.2570953369140625,-1.497359275817871,-1.4963183403015137,0.001558542251586914,1.4984002113342285,1.497359275817871,0,0,1.0600909263303038e-05,0.005338677205145359,1.0
4.267111778259277,-1.5044203996658325,-1.5033771991729736,0.0015692710876464844,1.5054636001586914,1.5044203996658325,0,0,1.0293058039678726e-05,0.005391203332692385,0.9999998807907104
4.27712869644165,-1.5114821195602417,-1.510436773300171,0.0015799999237060547,1.5125274658203125,1.5114821195602417,0,0,9.984845746657811e-06,0.005442867986857891,0.9999999403953552
4.287145137786865,-1.5185431241989136,-1.517496109008789,0.0015900135040283203,1.519590139389038,1.5185431241989136,0,0,9.677609341451898e-06,0.005493614822626114,1.0
4.297162055969238,-1.5256052017211914,-1.5245567560195923,0.0015995502471923828,1.5266536474227905,1.5256052017211914,0,0,9.370794941787608e-06,0.005543391685932875,1.0
4.307178497314453,-1.5326664447784424,-1.5316169261932373,0.0016086101531982422,1.5337159633636475,1.5326664447784424,0,0,9.062820026883855e-06,0.00559212127700448,1.0
4.317195415496826,-1.539729118347168,-1.5386788845062256,0.0016169548034667969,1.5407793521881104,1.539729118347168,0,0,8.758580406720284e-06,0.00563975190743804,0.9999999403953552
4.327211856842041,-1.5467913150787354,-1.5457403659820557,0.0016255378723144531,1.547842264175415,1.5467913150787354,0,0,8.454680937575176e-06,0.0056862058117985725,1.0
4.337228775024414,-1.553853988647461,-1.5528030395507812,0.0016331672668457031,1.5549049377441406,1.553853988647461,0,0,8.15342446003342e-06,0.005731470417231321,1.0
4.347245216369629,-1.5609164237976074,-1.5598652362823486,0.0016407966613769531,1.5619676113128662,1.5609164237976074,0,0,7.853623174014501e-06,0.005775385536253452,1.0
4.357262134552002,-1.5679795742034912,-1.5669291019439697,0.0016472339630126953,1.5690300464630127,1.5679795742034912,0,0,7.555832326033851e-06,0.005817999131977558,1.0
4.367278575897217,-1.5750426054000854,-1.5739929676055908,0.0016531944274902344,1.57609224319458,1.5750426054000854,0,0,7.261869541252963e-06,0.0058592092245817184,1.0
4.37729549407959,-1.5821062326431274,-1.581058144569397,0.0016582012176513672,1.583154320716858,1.5821062326431274,0,0,6.969961759750731e-06,0.005898939911276102,1.0
4.387311935424805,-1.5891695022583008,-1.5881229639053345,0.0016632080078125,1.590216040611267,1.5891695022583008,0,0,6.682193088636268e-06,0.0059371087700128555,1.0
4.397328853607178,-1.5962339639663696,-1.5951884984970093,0.0016689300537109375,1.59727942943573,1.5962339639663696,0,0,6.396570825017989e-06,0.005973668769001961,1.0
4.407345771789551,-1.6032979488372803,-1.60225510597229,0.0016720294952392578,1.6043407917022705,1.6032979488372803,0,0,6.115712949394947e-06,0.00600863853469491,0.9999998807907104
4.417362213134766,-1.61036217212677,-1.6093217134475708,0.0016753673553466797,1.6114026308059692,1.61036217212677,0,0,5.838278866576729e-06,0.0060418592765927315,1.0
4.427379131317139,-1.6174272298812866,-1.6163885593414307,0.0016798973083496094,1.6184659004211426,1.6174272298812866,0,0,5.565878836932825e-06,0.0060732862912118435,0.9999999403953552
4.4373955726623535,-1.6244919300079346,-1.6234564781188965,0.0016820430755615234,1.6255273818969727,1.6244919300079346,0,0,5.297790266922675e-06,0.006102865561842918,1.0
4.447412490844727,-1.6315569877624512,-1.6305252313613892,0.0016834735870361328,1.6325887441635132,1.6315569877624512,0,0,5.033644356444711e-06,0.006130584049969912,1.0
4.457428932189941,-1.6386226415634155,-1.6375939846038818,0.0016856193542480469,1.6396512985229492,1.6386226415634155,0,0,4.7757312131579965e-06,0.006156325805932283,1.0
4.4674458503723145,-1.6456882953643799,-1.6446632146835327,0.0016868114471435547,1.646713376045227,1.6456882953643799,0,0,4.522826202446595e-06,0.006180016789585352,1.0
4.477462291717529,-1.6527539491653442,-1.651733160018921,0.0016870498657226562,1.6537747383117676,1.6527539491653442,0,0,4.274335879017599e-06,0.00620162533596158,1.0
4.487479209899902,-1.6598204374313354,-1.658803939819336,0.0016872882843017578,1.660836935043335,1.6598204374313354,0,0,4.032387096231105e-06,0.0062211123295128345,1.0
4.497495651245117,-1.666886806488037,-1.66587495803833,0.0016865730285644531,1.6678986549377441,1.666886806488037,0,0,3.7963259273965377e-06,0.006238375324755907,1.0
4.50751256942749,-1.6739541292190552,-1.6729470491409302,0.0016856193542480469,1.6749612092971802,1.6739541292190552,0,0,3.567158955775085e-06,0.006253430154174566,1.0
4.517529010772705,-1.6810204982757568,-1.6800187826156616,0.001683950424194336,1.682022213935852,1.6810204982757568,0,0,3.343163825775264e-06,0.006266056094318628,0.9999998807907104
4.527545928955078,-1.6880887746810913,-1.6870919466018677,0.0016827583312988281,1.689085602760315,1.6880887746810913,0,0,3.125799139525043e-06,0.006276356987655163,1.0
4.537562370300293,-1.6951560974121094,-1.6941648721694946,0.0016803741455078125,1.6961473226547241,1.6951560974121094,0,0,2.915333197961445e-06,0.006284165661782026,1.0
4.547579288482666,-1.7022243738174438,-1.7012388706207275,0.0016775131225585938,1.7032098770141602,1.7022243738174438,0,0,2.711808974709129e-06,0.006289486773312092,1.0
4.557596206665039,-1.7092928886413574,-1.7083135843276978,0.0016739368438720703,1.710272192955017,1.7092928886413574,0,0,2.5148922304651933e-06,0.006292218342423439,1.0
4.567612648010254,-1.7163612842559814,-1.715388298034668,0.0016701221466064453,1.717334270477295,1.7163612842559814,0,0,2.3253969629877247e-06,0.006292323581874371,1.0
4.577629566192627,-1.7234303951263428,-1.7224642038345337,0.0016651153564453125,1.7243965864181519,1.7234303951263428,0,0,2.1426251350931125e-06,0.006289713550359011,1.0
4.587646007537842,-1.7305001020431519,-1.7295401096343994,0.0016613006591796875,1.7314600944519043,1.7305001020431519,0,0,1.967500338651007e-06,0.006284353323280811,0.9999999403953552
4.597662925720215,-1.7375696897506714,-1.736616611480713,0.0016560554504394531,1.7385227680206299,1.7375696897506714,0,0,1.800160362108727e-06,0.006276210304349661,1.0
4.60767936706543,-1.74463951587677,-1.7436935901641846,0.0016503334045410156,1.7455854415893555,1.74463951587677,0,0,1.6396459159295773e-06,0.006265108473598957,1.0
4.617696285247803,-1.7517101764678955,-1.7507717609405518,0.0016438961029052734,1.7526485919952393,1.7517101764678955,0,0,1.487207100581145e-06,0.006251115817576647,1.0
4.627712726593018,-1.7587804794311523,-1.7578494548797607,0.0016374588012695312,1.759711503982544,1.7587804794311523,0,0,1.3424806866169092e-06,0.006234122905880213,1.0
4.637729644775391,-1.7658518552780151,-1.7649288177490234,0.0016298294067382812,1.7667748928070068,1.7658518552780151,0,0,1.2052920510541298e-06,0.006214028224349022,1.0
4.6477460861206055,-1.7729231119155884,-1.772007703781128,0.001622915267944336,1.7738385200500488,1.7729231119155884,0,0,1.0756195933936397e-06,0.00619082897901535,1.0
4.6577630043029785,-1.7799948453903198,-1.779087781906128,0.0016145706176757812,1.7809019088745117,1.7799948453903198,0,0,9.5367431640625e-07,0.0061644297093153,1.0
4.667779445648193,-1.7870663404464722,-1.7861673831939697,0.0016064643859863281,1.7879652976989746,1.7870663404464722,0,0,8.396097541663039e-07,0.006134794093668461,1.0
4.677796363830566,-1.7941389083862305,-1.7932484149932861,0.0015978813171386719,1.7950294017791748,1.7941389083862305,0,0,7.329098252739641e-07,0.006101805716753006,1.0
4.687812805175781,-1.8012117147445679,-1.8003298044204712,0.0015883445739746094,1.8020936250686646,1.8012117147445679,0,0,6.34312300462625e-07,0.006065534893423319,1.0
4.697829723358154,-1.808285117149353,-1.8074114322662354,0.0015799999237060547,1.8091588020324707,1.808285117149353,0,0,5.430979967968597e-07,0.006025741342455149,1.0
4.707846164703369,-1.8153579235076904,-1.8144936561584473,0.0015690326690673828,1.8162221908569336,1.8153579235076904,0,0,4.593645996919804e-07,0.005982467904686928,1.0
4.717863082885742,-1.8224319219589233,-1.8215768337249756,0.0015583038330078125,1.823287010192871,1.8224319219589233,0,0,3.833752657556033e-07,0.005935691762715578,1.0
4.727880001068115,-1.8295056819915771,-1.8286607265472412,0.0015456676483154297,1.830350637435913,1.8295056819915771,0,0,3.145191840303596e-07,0.00588523643091321,1.0
4.73789644241333,-1.836580514907837,-1.83574378490448,0.0015368461608886719,1.8374172449111938,1.836580514907837,0,0,2.530126153033052e-07,0.005831106565892696,1.0
4.747913360595703,-1.8436558246612549,-1.8428287506103516,0.0015246868133544922,1.8444828987121582,1.8436558246612549,0,0,1.9877575141435955e-07,0.005773281678557396,1.0
4.757929801940918,-1.8507304191589355,-1.849913239479065,0.001512289047241211,1.8515475988388062,1.8507304191589355,0,0,1.513517418061383e-07,0.005711614619940519,1.0
4.767946720123291,-1.8578059673309326,-1.8569984436035156,0.0015001296997070312,1.8586134910583496,1.8578059673309326,0,0,1.1077736417064443e-07,0.005646075587719679,1.0
4.777963161468506,-1.8648808002471924,-1.8640837669372559,0.0014863014221191406,1.865677833557129,1.8648808002471924,0,0,7.69177006532118e-08,0.005576658062636852,1.0
4.787980079650879,-1.8719574213027954,-1.8711700439453125,0.0014739036560058594,1.8727447986602783,1.8719574213027954,0,0,4.953461996137776e-08,0.005503259599208832,1.0
4.797996520996094,-1.8790332078933716,-1.87825608253479,0.0014603137969970703,1.8798103332519531,1.8790332078933716,0,0,2.8272641117155217e-08,0.005425774957984686,0.9999999403953552
4.808013439178467,-1.886110782623291,-1.8853437900543213,0.0014464855194091797,1.8868777751922607,1.886110782623291,0,0,1.3192394732186585e-08,0.005344222765415907,1.0
4.818029880523682,-1.893187403678894,-1.8924310207366943,0.001432180404663086,1.8939437866210938,1.893187403678894,0,0,3.879652155092117e-09,0.005258519668132067,1.0
4.828046798706055,-1.900264859199524,-1.8995189666748047,0.001417398452758789,1.9010107517242432,1.900264859199524,0,0,1.0756195933936397e-10,0.005168539471924305,1.0
4.8380632400512695,-1.9073420763015747,-1.906606912612915,0.001402139663696289,1.9080772399902344,1.9073420763015747,0,0,1.6331256347257295e-09,0.005074334796518087,1.0
4.848080158233643,-1.9144206047058105,-1.9136961698532104,0.001386880874633789,1.9151450395584106,1.9144206047058105,0,0,8.165045528585324e-09,0.0049757822416722775,1.0
4.858096599578857,-1.9214990139007568,-1.9207847118377686,0.0013725757598876953,1.9222133159637451,1.9214990139007568,0,0,1.9419999830461165e-08,0.004872790537774563,1.0
4.8681135177612305,-1.9285775423049927,-1.9278740882873535,0.0013566017150878906,1.9292809963226318,1.9285775423049927,0,0,3.511763679853175e-08,0.004765377379953861,1.0
4.878129959106445,-1.9356557130813599,-1.9349637031555176,0.0013394355773925781,1.9363477230072021,1.9356557130813599,0,0,5.487130749770586e-08,0.004653465934097767,1.0
4.888146877288818,-1.9427357912063599,-1.9420543909072876,0.001323699951171875,1.9434171915054321,1.9427357912063599,0,0,7.847944516470307e-08,0.004536959808319807,1.0
4.898163795471191,-1.9498153924942017,-1.949144959449768,0.0013072490692138672,1.9504858255386353,1.9498153924942017,0,0,1.0544704309722874e-07,0.004415849689394236,1.0
4.908180236816406,-1.9568949937820435,-1.956235408782959,0.0012907981872558594,1.957554578781128,1.9568949937820435,0,0,1.3551107258535922e-07,0.004290041048079729,1.0
4.918197154998779,-1.9639747142791748,-1.9633269309997559,0.0012722015380859375,1.9646224975585938,1.9639747142791748,0,0,1.6855688045325223e-07,0.004159505479037762,1.0
4.928213596343994,-1.9710551500320435,-1.9704182147979736,0.0012555122375488281,1.9716920852661133,1.9710551500320435,0,0,2.0358790209229483e-07,0.0040242052637040615,1.0
4.938230514526367,-1.9781358242034912,-1.977510929107666,0.0012362003326416016,1.9787607192993164,1.9781358242034912,0,0,2.4063558612397173e-07,0.0038840672932565212,1.0
4.948246955871582,-1.9852168560028076,-1.984602451324463,0.0012197494506835938,1.9858312606811523,1.9852168560028076,0,0,2.796425633277977e-07,0.0037390715442597866,1.0
4.958263874053955,-1.9922974109649658,-1.9916949272155762,0.0012004375457763672,1.9928998947143555,1.9922974109649658,0,0,3.1982290238374844e-07,0.003589131636545062,1.0
4.96828031539917,-1.9993793964385986,-1.9987876415252686,0.0011832714080810547,1.9999711513519287,1.9993793964385986,0,0,3.606920131460356e-07,0.003434224287047982,1.0
4.978297233581543,-2.006460666656494,-2.00588059425354,0.0011639595031738281,2.0070407390594482,2.006460666656494,0,0,4.022012944915332e-07,0.003274313872680068,1.0
4.988313674926758,-2.0135421752929688,-2.0129740238189697,0.0011444091796875,2.0141103267669678,2.0135421752929688,0,0,4.437445113580907e-07,0.0031094264704734087,1.0
4.998330593109131,-2.0206246376037598,-2.0200674533843994,0.0011258125305175781,2.02118182182312,2.0206246376037598,0,0,4.850017489843594e-07,0.0029394992161542177,1.0
5.008347034454346,-2.0277068614959717,-2.02716064453125,0.0011076927185058594,2.0282530784606934,2.0277068614959717,0,0,5.254969437373802e-07,0.0027644808869808912,1.0
5.018363952636719,-2.0347893238067627,-2.034255027770996,0.001087188720703125,2.0353236198425293,2.0347893238067627,0,0,5.651036758536065e-07,0.00258446903899312,1.0
5.028380393981934,-2.0418715476989746,-2.041348457336426,0.001068115234375,2.0423946380615234,2.0418715476989746,0,0,6.031829116182053e-07,0.0023994415532797575,1.0
5.038397312164307,-2.0489542484283447,-2.048442840576172,0.0010480880737304688,2.0494656562805176,2.0489542484283447,0,0,6.396402341124485e-07,0.0022094978485256433,1.0
5.04841423034668,-2.056037425994873,-2.055537462234497,0.0010275840759277344,2.056537389755249,2.056037425994873,0,0,6.738360411873145e-07,0.0020147990435361862,1.0
5.0584306716918945,-2.0631206035614014,-2.062631368637085,0.0010089874267578125,2.0636098384857178,2.0631206035614014,0,0,7.057140010147123e-07,0.0018155488651245832,1.0
5.068447589874268,-2.0702035427093506,-2.06972599029541,0.0009884834289550781,2.070681095123291,2.0702035427093506,0,0,7.348501185333589e-07,0.001612095395103097,1.0
5.078464031219482,-2.077287197113037,-2.0768206119537354,0.0009694099426269531,2.077753782272339,2.077287197113037,0,0,7.606197414133931e-07,0.0014052340993657708,0.9999999403953552
5.0884809494018555,-2.0843703746795654,-2.0839157104492188,0.0009474754333496094,2.084825038909912,2.0843703746795654,0,0,7.830312824808061e-07,0.0011961936252191663,1.0
5.09849739074707,-2.0914533138275146,-2.0910098552703857,0.0009274482727050781,2.0918967723846436,2.0914533138275146,0,0,8.021340818231693e-07,0.000987340696156025,0.9999999403953552
5.108514308929443,-2.0985376834869385,-2.098104953765869,0.0009083747863769531,2.098970413208008,2.0985376834869385,0,0,8.169354828169162e-07,0.0007839857134968042,0.9999998807907104
5.118530750274658,-2.105621337890625,-2.1052000522613525,0.0008873939514160156,2.1060426235198975,2.105621337890625,0,0,8.275287655123975e-07,0.0005987727199681103,1.0
5.128547668457031,-2.1127052307128906,-2.112294912338257,0.0008668899536132812,2.1131155490875244,2.1127052307128906,0,0,8.340481372215436e-07,0.0004635882214643061,0.9999999403953552
5.138564109802246,-2.119788646697998,-2.119389533996582,0.0008463859558105469,2.120187759399414,2.119788646697998,0,0,8.355730187759036e-07,0.0004389079404063523,0.9999998807907104
5.148581027984619,-2.126873016357422,-2.1264848709106445,0.0008254051208496094,2.127261161804199,2.126873016357422,0,0,8.329598131240346e-07,0.000548563024494797,1.0
5.158597469329834,-2.13395619392395,-2.1335792541503906,0.0008044242858886719,2.1343331336975098,2.13395619392395,0,0,8.253613259512349e-07,0.0007410887046717107,0.9999999403953552
5.168614387512207,-2.141040325164795,-2.140673875808716,0.0007843971252441406,2.141406774520874,2.141040325164795,0,0,8.132761877277517e-07,0.0009733692859299481,0.9999998807907104
5.178630828857422,-2.1481242179870605,-2.147768497467041,0.0007638931274414062,2.14847993850708,2.1481242179870605,0,0,7.961663186506485e-07,0.001227032975293696,0.9999998807907104
5.188647747039795,-2.1552083492279053,-2.1548633575439453,0.000743865966796875,2.1555533409118652,2.1552083492279053,0,0,7.744052368252596e-07,0.0014948039315640926,0.9999998807907104
5.198664665222168,-2.162292242050171,-2.1619577407836914,0.0007228851318359375,2.1626267433166504,2.162292242050171,0,0,7.479886789951706e-07,0.0017733271233737469,0.9999998807907104
5.208681106567383,-2.169375419616699,-2.1690521240234375,0.0007014274597167969,2.169698715209961,2.169375419616699,0,0,7.167728313106636e-07,0.0020609325729310513,1.0
5.218698024749756,-2.176460027694702,-2.1761460304260254,0.0006833076477050781,2.176774024963379,2.176460027694702,0,0,6.818841029598843e-07,0.002356810960918665,1.0
5.228714466094971,-2.1835427284240723,-2.183239459991455,0.0006623268127441406,2.1838459968566895,2.1835427284240723,0,0,6.426947720683529e-07,0.002660430269315839,1.0
5.238731384277344,-2.1906261444091797,-2.1903328895568848,0.0006422996520996094,2.1909193992614746,2.1906261444091797,0,0,5.996698746457696e-07,0.0029714915435761213,1.0
5.248747825622559,-2.197709083557129,-2.1974260807037354,0.000621795654296875,2.1979920864105225,2.197709083557129,0,0,5.536913363357598e-07,0.003289776621386409,1.0
5.258764743804932,-2.2047927379608154,-2.204519748687744,0.0006022453308105469,2.2050657272338867,2.2047927379608154,0,0,5.049616902397247e-07,0.003615246620029211,1.0
5.2687811851501465,-2.2118752002716064,-2.2116119861602783,0.0005817413330078125,2.2121384143829346,2.2118752002716064,0,0,4.5380659230431775e-07,0.003947765566408634,1.0
5.2787981033325195,-2.2189574241638184,-2.2187047004699707,0.000560760498046875,2.219210147857666,2.2189574241638184,0,0,4.0099257603287697e-07,0.004287346266210079,1.0
5.288814544677734,-2.2260401248931885,-2.2257962226867676,0.0005426406860351562,2.2262840270996094,2.2260401248931885,0,0,3.4749837141134776e-07,0.004633921664208174,0.9999999403953552
5.298831462860107,-2.2331223487854004,-2.2328879833221436,0.0005235671997070312,2.2333567142486572,2.2331223487854004,0,0,2.9407090096356114e-07,0.004987574648112059,0.9999998211860657
5.308847904205322,-2.2402045726776123,-2.2399792671203613,0.0005049705505371094,2.2404298782348633,2.2402045726776123,0,0,2.414549840068503e-07,0.00534821767359972,0.9999998807907104
5.318864822387695,-2.247286319732666,-2.247070074081421,0.0004858970642089844,2.247502565383911,2.247286319732666,0,0,1.9077924662269652e-07,0.005715925246477127,1.0
5.32888126373291,-2.254366636276245,-2.2541604042053223,0.0004649162292480469,2.254572868347168,2.254366636276245,0,0,1.4334455045172945e-07,0.00609072158113122,1.0
5.338898181915283,-2.2614476680755615,-2.2612502574920654,0.0004467964172363281,2.2616450786590576,2.2614476680755615,0,0,1.0024814400821924e-07,0.00647257175296545,1.0
5.348914623260498,-2.2685279846191406,-2.2683393955230713,0.0004277229309082031,2.26871657371521,2.2685279846191406,0,0,6.290883902693167e-08,0.006861534900963306,1.0
5.358931541442871,-2.275608777999878,-2.275428295135498,0.0004105567932128906,2.275789260864258,2.275608777999878,0,0,3.2703283636692504e-08,0.007257671095430851,0.9999998807907104
5.368948459625244,-2.2826883792877197,-2.2825164794921875,0.0003924369812011719,2.282860279083252,2.2826883792877197,0,0,1.1459690085757757e-08,0.007660991977900267,1.0
5.378964900970459,-2.2897675037384033,-2.2896039485931396,0.00037479400634765625,2.289931058883667,2.2897675037384033,0,0,8.530065542800003e-10,0.008071444928646088,1.0
5.388981819152832,-2.296846389770508,-2.2966909408569336,0.0003566741943359375,2.297001838684082,2.296846389770508,0,0,2.801471055136062e-09,0.008489148691296577,1.0
5.398998260498047,-2.303924322128296,-2.303776741027832,0.0003399848937988281,2.3040719032287598,2.303924322128296,0,0,1.937019433739806e-08,0.008914107456803322,0.9999999403953552
5.40901517868042,-2.311002016067505,-2.3108625411987305,0.0003223419189453125,2.3111414909362793,2.311002016067505,0,0,5.2824361773673445e-08,0.009346328675746918,0.9999999403953552
5.419031620025635,-2.3180789947509766,-2.3179469108581543,0.00030612945556640625,2.318211078643799,2.3180789947509766,0,0,1.0552447804457188e-07,0.009785836562514305,1.0
5.429048538208008,-2.32515549659729,-2.32503080368042,0.0002899169921875,2.32528018951416,2.32515549659729,0,0,1.798498203697818e-07,0.010232710279524326,1.0
5.439064979553223,-2.332230567932129,-2.3321139812469482,0.0002722740173339844,2.3323471546173096,2.332230567932129,0,0,2.7882364861397946e-07,0.010686933994293213,1.0
5.449081897735596,-2.339306592941284,-2.3391964435577393,0.0002574920654296875,2.339416742324829,2.339306592941284,0,0,4.0523104871681426e-07,0.011148503981530666,0.9999999403953552
5.4590983390808105,-2.3463807106018066,-2.3462777137756348,0.00024127960205078125,2.3464837074279785,2.3463807106018066,0,0,5.620609044854064e-07,0.011617504991590977,1.0
5.469115257263184,-2.353455066680908,-2.353358268737793,0.00022792816162109375,2.3535518646240234,2.353455066680908,0,0,7.52738799292274e-07,0.012093963101506233,1.0
5.479131698608398,-2.360527753829956,-2.3604378700256348,0.00021219253540039062,2.3606176376342773,2.360527753829956,0,0,9.811100198930944e-07,0.012577793560922146,1.0
5.4891486167907715,-2.367600440979004,-2.367516040802002,0.00019979476928710938,2.367684841156006,2.367600440979004,0,0,1.2499336889959523e-06,0.013069205917418003,0.9999999403953552
5.499165058135986,-2.374671697616577,-2.37459397315979,0.00018453598022460938,2.3747494220733643,2.374671697616577,0,0,1.564062017678225e-06,0.013568070717155933,1.0
5.509181976318359,-2.381742477416992,-2.3816704750061035,0.00017118453979492188,2.381814479827881,2.381742477416992,0,0,1.9274084479548037e-06,0.014074412174522877,1.0
5.519198417663574,-2.3888113498687744,-2.3887457847595215,0.000156402587890625,2.3888769149780273,2.3888113498687744,0,0,2.3441584744432475e-06,0.014588330872356892,1.0
5.529215335845947,-2.395880937576294,-2.395819902420044,0.00014591217041015625,2.395941972732544,2.395880937576294,0,0,2.8188517262606183e-06,0.01510977279394865,1.0
5.53923225402832,-2.4029488563537598,-2.40289306640625,0.00013399124145507812,2.4030046463012695,2.4029488563537598,0,0,3.356691422595759e-06,0.015638845041394234,1.0
5.549248695373535,-2.410015344619751,-2.4099645614624023,0.00012254714965820312,2.4100661277770996,2.410015344619751,0,0,3.962315986427711e-06,0.01617543026804924,1.0
5.559265613555908,-2.417081832885742,-2.4170353412628174,0.0001125335693359375,2.417128324508667,2.417081832885742,0,0,4.641995474230498e-06,0.016719628125429153,1.0
5.569282054901123,-2.4241464138031006,-2.424104928970337,0.00010061264038085938,2.4241878986358643,2.4241464138031006,0,0,5.401460839493666e-06,0.01727140322327614,0.9999999403953552
5.579298973083496,-2.4312102794647217,-2.4311726093292236,9.1552734375e-05,2.4312479496002197,2.4312102794647217,0,0,6.245220447453903e-06,0.017830831930041313,1.0
5.589315414428711,-2.438272476196289,-2.438239097595215,8.153915405273438e-05,2.4383058547973633,2.438272476196289,0,0,7.180502962000901e-06,0.018397871404886246,1.0
5.599332332611084,-2.4453341960906982,-2.4453041553497314,7.390975952148438e-05,2.445364236831665,2.4453341960906982,0,0,8.215151865442749e-06,0.01897256262600422,1.0
5.609348773956299,-2.452393054962158,-2.4523673057556152,6.29425048828125e-05,2.452418804168701,2.452393054962158,0,0,9.352193046652246e-06,0.019554859027266502,0.9999998807907104
5.619365692138672,-2.45945405960083,-2.45943021774292,5.8650970458984375e-05,2.4594779014587402,2.45945405960083,0,0,1.0603625923977233e-05,0.020144853740930557,1.0
5.629382133483887,-2.466510534286499,-2.4664907455444336,4.9114227294921875e-05,2.4665303230285645,2.466510534286499,0,0,1.1973593245784286e-05,0.020742421969771385,1.0
5.63939905166626,-2.4735662937164307,-2.4735491275787354,4.2438507080078125e-05,2.473583459854126,2.4735662937164307,0,0,1.347135730611626e-05,0.021347705274820328,0.9999998807907104
5.649415493011475,-2.480621099472046,-2.4806065559387207,3.62396240234375e-05,2.480635643005371,2.480621099472046,0,0,1.5105044440133497e-05,0.021960554644465446,1.0
5.659432411193848,-2.487675428390503,-2.4876627922058105,3.147125244140625e-05,2.4876880645751953,2.487675428390503,0,0,1.6881636838661507e-05,0.02258114144206047,1.0
5.6694488525390625,-2.494727373123169,-2.494716167449951,2.8133392333984375e-05,2.4947385787963867,2.494727373123169,0,0,1.8812264897860587e-05,0.023209303617477417,1.0
5.6794657707214355,-2.501777410507202,-2.5017685890197754,2.193450927734375e-05,2.501786231994629,2.501777410507202,0,0,2.0906218196614645e-05,0.023845139890909195,1.0
5.689482688903809,-2.50882625579834,-2.508819341659546,1.71661376953125e-05,2.508833169937134,2.50882625579834,0,0,2.317085636605043e-05,0.024488650262355804,1.0
5.699499130249023,-2.515873432159424,-2.5158679485321045,1.3828277587890625e-05,2.515878915786743,2.515873432159424,0,0,2.5618252038839273e-05,0.025139713659882545,1.0
5.7095160484313965,-2.5229196548461914,-2.5229146480560303,1.2874603271484375e-05,2.5229246616363525,2.5229196548461914,0,0,2.8258791644475423e-05,0.025798410177230835,1.0
5.719532489776611,-2.529963254928589,-2.529959201812744,1.0013580322265625e-05,2.5299673080444336,2.529963254928589,0,0,3.110191028099507e-05,0.02646469883620739,1.0
5.729549407958984,-2.537005662918091,-2.537001609802246,1.0013580322265625e-05,2.5370097160339355,2.537005662918091,0,0,3.416066101635806e-05,0.027138635516166687,1.0
5.739565849304199,-2.544045925140381,-2.5440421104431152,1.0013580322265625e-05,2.5440497398376465,2.544045925140381,0,0,3.744377681869082e-05,0.027820082381367683,1.0
5.749582767486572,-2.5510847568511963,-2.5510807037353516,1.0013580322265625e-05,2.551088809967041,2.5510847568511963,0,0,4.096749034943059e-05,0.028509153053164482,0.9999999403953552
5.759599208831787,-2.558121681213379,-2.5581166744232178,1.239776611328125e-05,2.55812668800354,2.558121681213379,0,0,4.474128581932746e-05,0.029205728322267532,0.9999999403953552
5.76961612701416,-2.5651564598083496,-2.5651512145996094,1.33514404296875e-05,2.56516170501709,2.5651564598083496,0,0,4.8781188525026664e-05,0.029909802600741386,1.0
5.779632568359375,-2.572188377380371,-2.5721826553344727,1.4781951904296875e-05,2.5721940994262695,2.572188377380371,0,0,5.309900370775722e-05,0.0306213591247797,0.9999999403953552
5.789649486541748,-2.5792195796966553,-2.5792126655578613,1.811981201171875e-05,2.579226493835449,2.5792195796966553,0,0,5.770760617451742e-05,0.031340476125478745,1.0
5.799665927886963,-2.5862486362457275,-2.5862390995025635,2.47955322265625e-05,2.5862581729888916,2.5862486362457275,0,0,6.262017996050417e-05,0.03206699714064598,1.0
5.809682846069336,-2.593275547027588,-2.593263864517212,3.0517578125e-05,2.593287229537964,2.593275547027588,0,0,6.785806181142107e-05,0.03280092403292656,1.0
5.819699287414551,-2.600299835205078,-2.600285768508911,3.62396240234375e-05,2.600313901901245,2.600299835205078,0,0,7.343392644543201e-05,0.03354223817586899,1.0
5.829716205596924,-2.6073217391967773,-2.6073062419891357,4.0531158447265625e-05,2.607337236404419,2.6073217391967773,0,0,7.935836765682325e-05,0.03429097682237625,1.0
5.839733123779297,-2.614341974258423,-2.614323139190674,4.9114227294921875e-05,2.614360809326172,2.614341974258423,0,0,8.565377356717363e-05,0.0350470095872879,1.0
5.849749565124512,-2.6213595867156982,-2.621337890625,5.7220458984375e-05,2.6213812828063965,2.6213595867156982,0,0,9.233715536538512e-05,0.035810310393571854,1.0
5.859766483306885,-2.6283748149871826,-2.628349781036377,6.580352783203125e-05,2.6283998489379883,2.6283748149871826,0,0,9.942128963302821e-05,0.036580875515937805,1.0
5.8697829246521,-2.635387420654297,-2.6353585720062256,7.581710815429688e-05,2.635416269302368,2.635387420654297,0,0,0.00010693357762647793,0.037358660250902176,1.0
5.879799842834473,-2.642397880554199,-2.6423654556274414,8.535385131835938e-05,2.642430305480957,2.642397880554199,0,0,0.00011488293239381164,0.03814363479614258,1.0
5.8898162841796875,-2.6494052410125732,-2.6493682861328125,9.775161743164062e-05,2.649442195892334,2.6494052410125732,0,0,0.00012329193123150617,0.03893571346998215,1.0
5.8998332023620605,-2.6564104557037354,-2.65636944770813,0.00010919570922851562,2.656451463699341,2.6564104557037354,0,0,0.00013218559615779668,0.03973489627242088,1.0
5.909849643707275,-2.6634132862091064,-2.6633665561676025,0.00012445449829101562,2.6634600162506104,2.6634132862091064,0,0,0.0001415789738530293,0.04054106026887894,1.0
5.919866561889648,-2.67041277885437,-2.670361042022705,0.00013828277587890625,2.670464515686035,2.67041277885437,0,0,0.00015149130194913596,0.04135436564683914,1.0
5.929883003234863,-2.6774096488952637,-2.6773526668548584,0.000152587890625,2.677466630935669,2.6774096488952637,0,0,0.0001619482645764947,0.04217451065778732,1.0
5.939899921417236,-2.684403419494629,-2.6843409538269043,0.0001678466796875,2.6844658851623535,2.684403419494629,0,0,0.00017297205340582877,0.04300156980752945,1.0
5.949916362762451,-2.6913952827453613,-2.691326379776001,0.00018548965454101562,2.6914641857147217,2.6913952827453613,0,0,0.00018458059639669955,0.04383547604084015,1.0
5.959933280944824,-2.6983840465545654,-2.698308229446411,0.00020456314086914062,2.6984598636627197,2.6983840465545654,0,0,0.0001968119031516835,0.04467613622546196,1.0
5.969949722290039,-2.7053685188293457,-2.7052865028381348,0.00022172927856445312,2.7054505348205566,2.7053685188293457,0,0,0.0002096754324156791,0.045523498207330704,1.0
5.979966640472412,-2.712350845336914,-2.7122623920440674,0.000240325927734375,2.7124392986297607,2.712350845336914,0,0,0.00022320251446217299,0.04637756943702698,0.9999999403953552
5.989983081817627,-2.719329833984375,-2.7192330360412598,0.000263214111328125,2.7194266319274902,2.719329833984375,0,0,0.00023741133918520063,0.047238223254680634,1.0
6.0,-2.7263059616088867,-2.7262017726898193,0.0002837181091308594,2.726410150527954,2.7263059616088867,0,0,0.0002523406583350152,0.04810541868209839,1.0
