s,x_0,p_0,res,sigma_min,tau,stable,bif_flag,arc_err,curv,tangent_cos
0.0,0.015881706029176712,-1.9943398237228394,0.0319257453083992,2.0261032581329346,0.015881706029176712,1,0,0.006223165895789862,0.30393677949905396,1.0
0.013355592265725136,0.018175248056650162,-1.9822275638580322,0.0363578163087368,2.018578052520752,0.018175248056650162,1,0,0.005657176952809095,0.2785179018974304,0.9999991059303284
0.02671118453145027,0.02049325779080391,-1.9700733423233032,0.040793195366859436,2.0110597610473633,0.02049325779080391,1,0,0.005161129403859377,0.2532076835632324,0.9999993443489075
0.04006677865982056,0.022832665592432022,-1.9578787088394165,0.04522492364048958,2.0035440921783447,0.022832665592432022,1,0,0.004728729836642742,0.22807098925113678,0.999999463558197
0.05342236906290054,0.025190550833940506,-1.9456475973129272,0.04964649677276611,1.9960286617279053,0.025190550833940506,1,0,0.00435433816164732,0.20319387316703796,0.9999996423721313
0.06677795946598053,0.027563754469156265,-1.9333844184875488,0.05405109375715256,1.9885119199752808,0.027563754469156265,1,0,0.00403283117339015,0.1786983758211136,0.9999998807907104
0.08013355731964111,0.029949482530355453,-1.921091079711914,0.05843265354633331,1.9809900522232056,0.029949482530355453,1,0,0.003759434213861823,0.15476840734481812,0.9999998807907104
0.0934891477227211,0.03234430029988289,-1.9087719917297363,0.06278404593467712,1.9734605550765991,0.03234430029988289,1,0,0.003530168440192938,0.13169991970062256,0.9999999403953552
0.10684473812580109,0.0347452349960804,-1.8964298963546753,0.06709913164377213,1.965920329093933,0.0347452349960804,1,0,0.0033413218334317207,0.110003262758255,1.0
0.12020032852888107,0.0371490977704525,-1.8840686082839966,0.07137150317430496,1.9583667516708374,0.0371490977704525,1,0,0.0031897537410259247,0.09060543030500412,1.0
0.13355591893196106,0.03955269977450371,-1.8716914653778076,0.07559486478567123,1.9507968425750732,0.03955269977450371,1,0,0.003072907216846943,0.07520397007465363,0.9999999403953552
0.14691151678562164,0.04195297136902809,-1.8593010902404785,0.0797632560133934,1.943207025527954,0.04195297136902809,1,0,0.0029885065741837025,0.06648717075586319,0.9999998211860657
0.16026711463928223,0.04434669390320778,-1.8469008207321167,0.08387057483196259,1.9355942010879517,0.04434669390320778,1,0,0.0029348228126764297,0.06694420427083969,0.9999997019767761
0.17362269759178162,0.04673038795590401,-1.8344942331314087,0.08791035413742065,1.9279550313949585,0.04673038795590401,1,0,0.002910597249865532,0.07623837888240814,0.9999995827674866
0.1869782954454422,0.04910115525126457,-1.8220833539962769,0.09187732636928558,1.920285701751709,0.04910115525126457,1,0,0.002914843615144491,0.09156067669391632,0.9999993443489075
0.2003338783979416,0.051455769687891006,-1.8096719980239868,0.09576576203107834,1.912583589553833,0.051455769687891006,1,0,0.0029471900779753923,0.1102813109755516,0.9999989867210388
0.21368947625160217,0.05379045382142067,-1.79726243019104,0.09956897050142288,1.9048433303833008,0.05379045382142067,1,0,0.003007297869771719,0.1308140605688095,0.9999986886978149
0.22704507410526276,0.05610240623354912,-1.7848581075668335,0.10328231751918793,1.89706289768219,0.05610240623354912,1,0,0.0030956086702644825,0.15230165421962738,0.9999983310699463
0.24040065705776215,0.05838853493332863,-1.7724614143371582,0.1069006472826004,1.8892384767532349,0.05838853493332863,1,0,0.003212442621588707,0.17427340149879456,0.9999979734420776
0.25375625491142273,0.06064533814787865,-1.7600747346878052,0.11041818559169769,1.881365418434143,0.06064533814787865,1,0,0.003358494956046343,0.19645625352859497,0.9999975562095642
0.2671118378639221,0.06286931037902832,-1.7477011680603027,0.11382931470870972,1.8734397888183594,0.06286931037902832,1,0,0.003534880233928561,0.21868111193180084,0.9999969601631165
0.2804674506187439,0.06505759060382843,-1.735343098640442,0.11712972819805145,1.8654582500457764,0.06505759060382843,1,0,0.003742787754163146,0.24083751440048218,0.9999963045120239
0.2938230335712433,0.06720700860023499,-1.7230030298233032,0.12031465768814087,1.857417106628418,0.06720700860023499,1,0,0.003983450587838888,0.26284876465797424,0.9999957084655762
0.3071786165237427,0.06931406259536743,-1.7106835842132568,0.12337886542081833,1.8493117094039917,0.06931406259536743,1,0,0.004258431028574705,0.28465893864631653,0.9999950528144836
0.32053422927856445,0.07137554883956909,-1.698386549949646,0.12631773948669434,1.8411376476287842,0.07137554883956909,1,0,0.00456933444365859,0.3062264025211334,0.999994158744812
0.33388981223106384,0.0733887106180191,-1.6861144304275513,0.12912766635417938,1.832891821861267,0.0733887106180191,1,0,0.004917780868709087,0.3275180459022522,0.9999933838844299
0.34724539518356323,0.07534980773925781,-1.673869252204895,0.13180331885814667,1.8245688676834106,0.07534980773925781,1,0,0.005305540282279253,0.3485068082809448,0.9999924302101135
0.3606009781360626,0.07725630700588226,-1.6616533994674683,0.1343417465686798,1.8161660432815552,0.07725630700588226,1,0,0.005734269507229328,0.3691711127758026,0.9999914765357971
0.3739565908908844,0.0791047066450119,-1.6494686603546143,0.13673828542232513,1.8076781034469604,0.0791047066450119,1,0,0.006205480080097914,0.3894924819469452,0.9999904036521912
0.3873121738433838,0.08089211583137512,-1.6373176574707031,0.1389896273612976,1.7991018295288086,0.08089211583137512,1,0,0.006720992270857096,0.4094550609588623,0.9999892115592957
0.4006677567958832,0.08261533081531525,-1.625200867652893,0.14109180867671967,1.7904314994812012,0.08261533081531525,1,0,0.007282400503754616,0.42904528975486755,0.9999879598617554
0.41402336955070496,0.0842716246843338,-1.6131213903427124,0.14304205775260925,1.7816646099090576,0.0842716246843338,1,0,0.007890693843364716,0.44825172424316406,0.9999867081642151
0.42737895250320435,0.08585754036903381,-1.601080060005188,0.14483630657196045,1.7727952003479004,0.08585754036903381,1,0,0.00854738149791956,0.46706366539001465,0.9999853372573853
0.44073453545570374,0.08737054467201233,-1.5890791416168213,0.14647231996059418,1.7638201713562012,0.08737054467201233,1,0,0.00925369281321764,0.4854726791381836,0.9999838471412659
0.4540901482105255,0.08880805969238281,-1.5771204233169556,0.14794787764549255,1.7547365427017212,0.08880805969238281,1,0,0.010010330937802792,0.5034714341163635,0.9999823570251465
0.4674457311630249,0.09016667306423187,-1.5652045011520386,0.1492593139410019,1.7455378770828247,0.09016667306423187,1,0,0.010818014852702618,0.5210529565811157,0.9999806880950928
0.4808013141155243,0.09144411981105804,-1.5533334016799927,0.15040522813796997,1.7362216711044312,0.09144411981105804,1,0,0.011677594855427742,0.5382117033004761,0.9999789595603943
0.49415692687034607,0.09263713657855988,-1.5415087938308716,0.15138259530067444,1.726783037185669,0.09263713657855988,1,0,0.012588671408593655,0.554943323135376,0.9999771118164062
0.5075125098228455,0.09374363720417023,-1.5297316312789917,0.15219047665596008,1.7172188758850098,0.09374363720417023,1,0,0.013551916927099228,0.5712434649467468,0.9999752044677734
0.5208681225776672,0.09476062655448914,-1.518002986907959,0.1528264880180359,1.707524299621582,0.09476062655448914,1,0,0.01456700824201107,0.5871098041534424,0.9999733567237854
0.5342236757278442,0.09568558633327484,-1.5063250064849854,0.153289332985878,1.6976962089538574,0.09568558633327484,1,0,0.015633421018719673,0.6025394201278687,0.9999712705612183
0.547579288482666,0.09651605784893036,-1.4946986436843872,0.1535777747631073,1.6877307891845703,0.09651605784893036,1,0,0.016750333830714226,0.6175310611724854,0.9999691247940063
0.5609349012374878,0.09725019335746765,-1.483124017715454,0.15369169414043427,1.6776244640350342,0.09725019335746765,1,0,0.017917029559612274,0.6320842504501343,0.9999669194221497
0.5742904543876648,0.0978846400976181,-1.4716033935546875,0.15362876653671265,1.667372703552246,0.0978846400976181,1,0,0.019132595509290695,0.6461975574493408,0.9999645948410034
0.5876460671424866,0.09841787815093994,-1.460137963294983,0.15338976681232452,1.6569737195968628,0.09841787815093994,1,0,0.020395049825310707,0.6598721742630005,0.9999620914459229
0.6010016798973083,0.09884752333164215,-1.4487277269363403,0.1529739797115326,1.6464227437973022,0.09884752333164215,1,0,0.021703209728002548,0.6731089353561401,0.9999596476554871
0.6143572330474854,0.09917138516902924,-1.4373747110366821,0.15238140523433685,1.635717511177063,0.09917138516902924,1,0,0.02305537648499012,0.6859091520309448,0.9999572038650513
0.6277128458023071,0.099387526512146,-1.4260789155960083,0.1516123265028,1.6248539686203003,0.099387526512146,1,0,0.024449316784739494,0.6982755064964294,0.9999545812606812
0.6410684585571289,0.09949378669261932,-1.4148424863815308,0.15066705644130707,1.6138300895690918,0.09949378669261932,1,0,0.02588307484984398,0.7102101445198059,0.999951958656311
0.6544240117073059,0.09948822855949402,-1.4036661386489868,0.14954616129398346,1.60264253616333,0.09948822855949402,1,0,0.027354074642062187,0.7217162847518921,0.9999491572380066
0.6677796244621277,0.09936942160129547,-1.392549753189087,0.14825114607810974,1.5912885665893555,0.09936942160129547,1,0,0.028860237449407578,0.7327977418899536,0.9999464154243469
0.6811351776123047,0.0991351455450058,-1.381495475769043,0.1467825323343277,1.579765796661377,0.0991351455450058,1,0,0.030398616567254066,0.7434585690498352,0.9999436736106873
0.6944907903671265,0.09878416359424591,-1.3705040216445923,0.14514240622520447,1.5680723190307617,0.09878416359424591,1,0,0.03196672722697258,0.7537036538124084,0.999940812587738
0.7078464031219482,0.09831477701663971,-1.3595757484436035,0.14333218336105347,1.5562052726745605,0.09831477701663971,1,0,0.03356202319264412,0.763538122177124,0.9999380111694336
0.7212019562721252,0.09772545099258423,-1.3487118482589722,0.14135372638702393,1.5441627502441406,0.09772545099258423,1,0,0.03518124297261238,0.7729675769805908,0.9999350309371948
0.734557569026947,0.09701457619667053,-1.3379141092300415,0.13920900225639343,1.5319433212280273,0.09701457619667053,1,0,0.03682202473282814,0.7819980382919312,0.9999319911003113
0.7479131817817688,0.09618142247200012,-1.3271820545196533,0.1369011253118515,1.5195448398590088,0.09618142247200012,1,0,0.03848116099834442,0.7906365990638733,0.9999290704727173
0.7612687349319458,0.09522412717342377,-1.31651771068573,0.1344318836927414,1.5069659948349,0.09522412717342377,1,0,0.04015614464879036,0.7988895177841187,0.9999262690544128
0.7746243476867676,0.09414176642894745,-1.3059214353561401,0.131804421544075,1.4942049980163574,0.09414176642894745,1,0,0.04184400662779808,0.806764543056488,0.9999233484268188
0.7879799604415894,0.09293331205844879,-1.2953946590423584,0.12902191281318665,1.4812612533569336,0.09293331205844879,1,0,0.0435418076813221,0.8142693042755127,0.9999203681945801
0.8013355135917664,0.09159746766090393,-1.2849382162094116,0.12608718872070312,1.4681332111358643,0.09159746766090393,1,0,0.045246999710798264,0.8214124441146851,0.9999174475669861
0.8146911263465881,0.09013399481773376,-1.274552583694458,0.12300465255975723,1.4548206329345703,0.09013399481773376,1,0,0.04695729538798332,0.8282022476196289,0.9999144077301025
0.8280467391014099,0.08854147791862488,-1.2642399072647095,0.11977726221084595,1.4413228034973145,0.08854147791862488,1,0,0.04866901785135269,0.8346480131149292,0.9999114274978638
0.8414022922515869,0.0868196040391922,-1.254000186920166,0.11640944331884384,1.427639365196228,0.0868196040391922,1,0,0.050381142646074295,0.8407573699951172,0.9999086260795593
0.8547579050064087,0.08496744930744171,-1.2438350915908813,0.11290496587753296,1.4137699604034424,0.08496744930744171,1,0,0.05209040269255638,0.8465418815612793,0.9999058842658997
0.8681135177612305,0.08298477530479431,-1.2337453365325928,0.10926855355501175,1.3997149467468262,0.08298477530479431,1,0,0.0537947416305542,0.8520098924636841,0.9999030232429504
0.8814690709114075,0.08087046444416046,-1.2237329483032227,0.1055038794875145,1.3854738473892212,0.08087046444416046,1,0,0.05549241602420807,0.8571719527244568,0.9999002814292908
0.8948246836662292,0.0786251425743103,-1.213797926902771,0.10161694884300232,1.3710482120513916,0.0786251425743103,1,0,0.057181112468242645,0.8620376586914062,0.9998975992202759
0.908180296421051,0.07624757289886475,-1.2039421796798706,0.09761136770248413,1.3564373254776,0.07624757289886475,1,0,0.058859024196863174,0.8666176795959473,0.9998948574066162
0.921535849571228,0.07373818755149841,-1.1941665410995483,0.09349299967288971,1.3416428565979004,0.07373818755149841,1,0,0.06052438169717789,0.8709224462509155,0.9998921751976013
0.9348914623260498,0.07109630107879639,-1.1844727993011475,0.08926631510257721,1.3266654014587402,0.07109630107879639,1,0,0.0621759332716465,0.8749622702598572,0.9998896718025208
0.9482470750808716,0.06832252442836761,-1.1748613119125366,0.08493746072053909,1.3115063905715942,0.06832252442836761,1,0,0.06381257623434067,0.8787472248077393,0.999887228012085
0.9616026282310486,0.06541597843170166,-1.1653348207473755,0.08051076531410217,1.2961667776107788,0.06541597843170166,1,0,0.06543215364217758,0.8822884559631348,0.999884843826294
0.9749582409858704,0.06237794831395149,-1.155893325805664,0.07599326223134995,1.280649185180664,0.06237794831395149,1,0,0.067034050822258,0.8855960369110107,0.9998824000358582
0.9883138537406921,0.05920756235718727,-1.1465387344360352,0.07138930261135101,1.264953851699829,0.05920756235718727,1,0,0.0686170905828476,0.8886797428131104,0.9998800754547119
1.0016694068908691,0.05590572580695152,-1.1372718811035156,0.06670545786619186,1.2490832805633545,0.05590572580695152,1,0,0.07018061727285385,0.8915513753890991,0.9998779296875
1.015025019645691,0.05247225984930992,-1.1280955076217651,0.0619470588862896,1.2330399751663208,0.05247225984930992,1,0,0.07172317802906036,0.8942193388938904,0.9998757243156433
1.0283806324005127,0.04890807345509529,-1.1190098524093628,0.057120613753795624,1.2168259620666504,0.04890807345509529,1,0,0.07324489206075668,0.8966940641403198,0.9998736381530762
1.0417362451553345,0.04521341249346733,-1.1100168228149414,0.05223190039396286,1.2004436254501343,0.04521341249346733,1,0,0.07474427670240402,0.8989853858947754,0.9998716115951538
1.0550917387008667,0.041388723999261856,-1.1011178493499756,0.04728689044713974,1.1838953495025635,0.041388723999261856,1,0,0.07622165232896805,0.9011014699935913,0.9998695850372314
1.0684473514556885,0.03743491694331169,-1.0923142433166504,0.04229206591844559,1.1671841144561768,0.03743491694331169,1,0,0.0776759460568428,0.9030522704124451,0.9998675584793091
1.0818029642105103,0.03335261717438698,-1.0836076736450195,0.03725355118513107,1.150312900543213,0.03335261717438698,1,0,0.07910726219415665,0.9048457145690918,0.9998656511306763
1.095158576965332,0.02914244309067726,-1.0749995708465576,0.0321773961186409,1.1332844495773315,0.02914244309067726,1,0,0.08051463961601257,0.9064904451370239,0.999863862991333
1.1085141897201538,0.024805691093206406,-1.0664916038513184,0.027070384472608566,1.116102933883667,0.024805691093206406,1,0,0.08189835399389267,0.9079937934875488,0.9998621940612793
1.1218698024749756,0.02034200355410576,-1.0580857992172241,0.021937383338809013,1.0987697839736938,0.02034200355410576,1,0,0.08325780928134918,0.9093633890151978,0.9998605251312256
1.1352252960205078,0.015753719955682755,-1.0497828722000122,0.016786163672804832,1.081290364265442,0.015753719955682755,1,0,0.08459291607141495,0.9106059074401855,0.9998587965965271
1.1485809087753296,0.011041298508644104,-1.0415849685668945,0.011622360907495022,1.0636675357818604,0.011041298508644104,1,0,0.08590295910835266,0.9117282032966614,0.9998573660850525
1.1619365215301514,0.0062059685587882996,-1.033493161201477,0.006452340167015791,1.0459051132202148,0.0062059685587882996,1,0,0.08718833327293396,0.9127352833747864,0.9998558759689331
1.1752921342849731,0.0012484937906265259,-1.0255095958709717,0.001281901029869914,1.0280065536499023,0.0012484937906265259,1,0,0.0884486734867096,0.9136331677436829,0.999854326248169
1.188647747039795,-0.0038291141390800476,-1.0176348686218262,0.003881978103891015,1.0099766254425049,0.0038291141390800476,1,0,0.08968332409858704,0.9144265055656433,0.9998528957366943
1.2020033597946167,-0.009026788175106049,-1.0098718404769897,0.00903441570699215,0.9918182492256165,0.009026788175106049,1,0,0.09089230746030807,0.9151201844215393,0.9998515844345093
1.215358853340149,-0.014342050999403,-1.0022212266921997,0.014168213121592999,0.9735371470451355,0.014342050999403,1,0,0.0920751690864563,0.915717363357544,0.9998502731323242
1.2287144660949707,-0.019774505868554115,-0.9946851134300232,0.019278375431895256,0.9551361203193665,0.019774505868554115,1,0,0.0932321846485138,0.9162222146987915,0.9998491406440735
1.2420700788497925,-0.02532191388309002,-0.9872642755508423,0.024358222261071205,0.9366204738616943,0.02532191388309002,1,0,0.09436225146055222,0.9166375398635864,0.9998480081558228
1.2554256916046143,-0.03098367340862751,-0.9799610376358032,0.029402803629636765,0.9179936647415161,0.03098367340862751,1,0,0.09546539187431335,0.916965663433075,0.9998466968536377
1.268781304359436,-0.03675782307982445,-0.9727762937545776,0.03440600261092186,0.8992606401443481,0.03675782307982445,1,0,0.0965406745672226,0.9172085523605347,0.9998456239700317
1.2821369171142578,-0.042642742395401,-0.9657118916511536,0.03936219960451126,0.8804264068603516,0.042642742395401,1,0,0.09758827835321426,0.9173677563667297,0.9998446702957153
1.29549241065979,-0.04863695055246353,-0.9587693810462952,0.04426606744527817,0.8614954948425293,0.04863695055246353,1,0,0.09860716015100479,0.9174448251724243,0.9998437166213989
1.3088480234146118,-0.054739080369472504,-0.9519500732421875,0.049112506210803986,0.8424718976020813,0.054739080369472504,1,0,0.09959710389375687,0.91744065284729,0.9998427629470825
1.3222036361694336,-0.06094750389456749,-0.9452547430992126,0.05389631912112236,0.8233597278594971,0.06094750389456749,1,0,0.10055731981992722,0.9173546433448792,0.9998419284820557
1.3355592489242554,-0.06725992262363434,-0.9386857748031616,0.05861203372478485,0.8041659593582153,0.06725992262363434,1,0,0.10148704797029495,0.9171878099441528,0.9998410940170288
1.3489148616790771,-0.07367539405822754,-0.9322441220283508,0.06325539201498032,0.7848933339118958,0.07367539405822754,1,0,0.10238565504550934,0.9169402122497559,0.999840259552002
1.3622703552246094,-0.08019185811281204,-0.9259315133094788,0.0678214281797409,0.7655478119850159,0.08019185811281204,1,0,0.10325240343809128,0.916610836982727,0.9998395442962646
1.3756259679794312,-0.08680747449398041,-0.9197481274604797,0.07230547070503235,0.7461332082748413,0.08680747449398041,1,0,0.10408637672662735,0.9161988496780396,0.9998389482498169
1.388981580734253,-0.09352070093154907,-0.9136965870857239,0.07670342922210693,0.7266551852226257,0.09352070093154907,1,0,0.10488687455654144,0.9157033562660217,0.9998382329940796
1.4023371934890747,-0.10032925009727478,-0.907776951789856,0.08101062476634979,0.7071184515953064,0.10032925009727478,1,0,0.1056528091430664,0.9151224493980408,0.9998376369476318
1.4156928062438965,-0.10723184049129486,-0.9019911885261536,0.08522351086139679,0.6875275373458862,0.10723184049129486,1,0,0.10638369619846344,0.9144560694694519,0.9998372793197632
1.4290484189987183,-0.11422646045684814,-0.8963397741317749,0.0893380343914032,0.6678868532180786,0.11422646045684814,1,0,0.1070781722664833,0.9137014150619507,0.9998368620872498
1.4424039125442505,-0.12131087481975555,-0.8908242583274841,0.09335034340620041,0.6482025384902954,0.12131087481975555,1,0,0.1077352985739708,0.9128577709197998,0.9998365044593811
1.4557595252990723,-0.12848389148712158,-0.8854455947875977,0.09725738316774368,0.6284778118133545,0.12848389148712158,1,0,0.10835449397563934,0.9119219183921814,0.9998362064361572
1.469115138053894,-0.1357431858778,-0.8802052736282349,0.10105565190315247,0.6087188720703125,0.1357431858778,1,0,0.10893433541059494,0.9108937978744507,0.9998360872268677
1.4824707508087158,-0.1430865228176117,-0.8751031160354614,0.10474170744419098,0.588930070400238,0.1430865228176117,1,0,0.10947418957948685,0.9097699522972107,0.9998358488082886
1.4958263635635376,-0.15051276981830597,-0.8701409697532654,0.10831324011087418,0.569115400314331,0.15051276981830597,1,0,0.10997267812490463,0.9085492491722107,0.9998358488082886
1.5091819763183594,-0.15801936388015747,-0.8653194308280945,0.11176710575819016,0.5492807030677795,0.15801936388015747,1,0,0.11042911559343338,0.9072288870811462,0.9998357892036438
1.5225374698638916,-0.1656048744916916,-0.8606393337249756,0.11510109901428223,0.52942955493927,0.1656048744916916,1,0,0.11084256321191788,0.9058077931404114,0.999835729598999
1.5358930826187134,-0.17326699197292328,-0.8561016321182251,0.11831270903348923,0.5095676183700562,0.17326699197292328,1,0,0.11121177673339844,0.9042836427688599,0.9998359084129333
1.5492486953735352,-0.18100431561470032,-0.8517062664031982,0.12139995396137238,0.4896976351737976,0.18100431561470032,1,0,0.111536405980587,0.902654230594635,0.9998362064361572
1.562604308128357,-0.18881434202194214,-0.8474546074867249,0.12436073273420334,0.4698259234428406,0.18881434202194214,1,0,0.111814945936203,0.9009178280830383,0.9998365044593811
1.5759599208831787,-0.19669535756111145,-0.8433476090431213,0.12719349563121796,0.44995689392089844,0.19669535756111145,1,0,0.1120469868183136,0.899073600769043,0.9998369216918945
1.5893155336380005,-0.20464538037776947,-0.8393843173980713,0.1298963874578476,0.43009355664253235,0.20464538037776947,1,0,0.11223173141479492,0.8971174955368042,0.9998373985290527
1.6026710271835327,-0.21266259253025055,-0.835567057132721,0.13246847689151764,0.41024187207221985,0.21266259253025055,1,0,0.1123683974146843,0.8950501084327698,0.99983811378479
1.6160266399383545,-0.2207452952861786,-0.8318955302238464,0.1349085420370102,0.39040493965148926,0.2207452952861786,1,0,0.11245617270469666,0.8928689360618591,0.9998388290405273
1.6293822526931763,-0.22889137268066406,-0.8283697962760925,0.13721543550491333,0.3705870509147644,0.22889137268066406,1,0,0.11249455064535141,0.8905724287033081,0.9998395442962646
1.642737865447998,-0.2370990514755249,-0.824990451335907,0.13938850164413452,0.3507923483848572,0.2370990514755249,1,0,0.11248307675123215,0.8881595730781555,0.9998403787612915
1.6560934782028198,-0.24536603689193726,-0.8217579126358032,0.14142699539661407,0.3310258388519287,0.24536603689193726,1,0,0.11242115497589111,0.8856295943260193,0.9998412132263184
1.6694490909576416,-0.2536911368370056,-0.8186724185943604,0.14333075284957886,0.3112901449203491,0.2536911368370056,1,0,0.11230874806642532,0.882980465888977,0.9998421669006348
1.6828045845031738,-0.26207205653190613,-0.8157340288162231,0.14509932696819305,0.2915899157524109,0.26207205653190613,1,0,0.11214525252580643,0.8802121877670288,0.9998432993888855
1.6961601972579956,-0.2705073952674866,-0.812943160533905,0.1467328816652298,0.2719283699989319,0.2705073952674866,1,0,0.11193057894706726,0.8773247003555298,0.999844491481781
1.7095158100128174,-0.27899521589279175,-0.8102995753288269,0.1482313722372055,0.2523091435432434,0.27899521589279175,1,0,0.11166483908891678,0.8743163347244263,0.9998458027839661
1.7228714227676392,-0.2875334918498993,-0.807803750038147,0.14959511160850525,0.2327367663383484,0.2875334918498993,1,0,0.1113477349281311,0.871186375617981,0.9998471736907959
1.736227035522461,-0.2961205542087555,-0.8054550290107727,0.1508243978023529,0.21321392059326172,0.2961205542087555,1,0,0.11097948998212814,0.867935061454773,0.9998486042022705
1.7495825290679932,-0.30475470423698425,-0.8032540678977966,0.15192002058029175,0.19374465942382812,0.30475470423698425,1,0,0.11056032031774521,0.8645628094673157,0.9998500943183899
1.762938141822815,-0.313434362411499,-0.8012005090713501,0.1528826653957367,0.17433178424835205,0.313434362411499,1,0,0.11009063571691513,0.861068606376648,0.9998517036437988
1.7762937545776367,-0.322157621383667,-0.799294114112854,0.1537131518125534,0.15497887134552002,0.322157621383667,1,0,0.10957048833370209,0.8574538230895996,0.9998534917831421
1.7896493673324585,-0.33092328906059265,-0.7975346446037292,0.15441256761550903,0.13568806648254395,0.33092328906059265,1,0,0.10900083929300308,0.8537176847457886,0.999855101108551
1.8030049800872803,-0.3397290110588074,-0.7959221005439758,0.15498203039169312,0.11646407842636108,0.3397290110588074,1,0,0.10838188230991364,0.849861204624176,0.9998569488525391
1.816360592842102,-0.34857377409935,-0.7944560050964355,0.15542283654212952,0.0973084568977356,0.34857377409935,1,0,0.10771483927965164,0.8458853363990784,0.9998589158058167
1.8297160863876343,-0.35745570063591003,-0.7931365966796875,0.15573661029338837,0.07822519540786743,0.35745570063591003,1,0,0.10700009018182755,0.8417907953262329,0.9998608827590942
1.843071699142456,-0.3663730025291443,-0.7919622659683228,0.15592440962791443,0.05921626091003418,0.3663730025291443,1,0,0.10623852163553238,0.8375779986381531,0.9998628497123718
1.8564273118972778,-0.37532487511634827,-0.7909340858459473,0.15598846971988678,0.04028433561325073,0.37532487511634827,1,0,0.10543125122785568,0.8332487344741821,0.9998650550842285
1.8697829246520996,-0.38430899381637573,-0.7900505065917969,0.15593013167381287,0.02143251895904541,0.38430899381637573,1,0,0.10457951575517654,0.8288040161132812,0.9998670220375061
1.8831385374069214,-0.3933245837688446,-0.7893114686012268,0.15575136244297028,0.0026623010635375977,0.3933245837688446,1,0,0.10368413478136063,0.8242446780204773,0.999869167804718
1.8964941501617432,-0.40236973762512207,-0.7887164950370789,0.15545426309108734,0.016022980213165283,0.40236973762512207,0,0,0.10274666547775269,0.8195725083351135,0.999871551990509
1.9098496437072754,-0.41144275665283203,-0.7882647514343262,0.1550406813621521,0.03462076187133789,0.41144275665283203,0,0,0.10176830738782883,0.8147902488708496,0.9998738169670105
1.9232052564620972,-0.42054319381713867,-0.7879558205604553,0.15451288223266602,0.05313056707382202,0.42054319381713867,0,0,0.1007503867149353,0.809897780418396,0.9998761415481567
1.936560869216919,-0.42966896295547485,-0.7877893447875977,0.15387322008609772,0.07154858112335205,0.42966896295547485,0,0,0.09969452768564224,0.8048981428146362,0.9998785257339478
1.9499164819717407,-0.4388187825679779,-0.7877640724182129,0.15312373638153076,0.08987349271774292,0.4388187825679779,0,0,0.09860222041606903,0.7997926473617554,0.9998809099197388
1.9632720947265625,-0.44799184799194336,-0.7878803014755249,0.15226726233959198,0.10810339450836182,0.44799184799194336,0,0,0.09747517108917236,0.7945842146873474,0.9998832941055298
1.9766277074813843,-0.4571867287158966,-0.7881360650062561,0.15130563080310822,0.1262373924255371,0.4571867287158966,0,0,0.09631449729204178,0.789273738861084,0.9998857378959656
1.9899832010269165,-0.4664013385772705,-0.7885311245918274,0.15024177730083466,0.14427155256271362,0.4664013385772705,0,0,0.09512245655059814,0.7838648557662964,0.9998881816864014
2.0033388137817383,-0.47563549876213074,-0.7890649437904358,0.1490781605243683,0.16220605373382568,0.47563549876213074,0,0,0.09390053898096085,0.7783591747283936,0.9998906254768372
2.0166945457458496,-0.48488786816596985,-0.7897360920906067,0.1478171944618225,0.180039644241333,0.48488786816596985,0,0,0.09265059232711792,0.7727590799331665,0.9998931288719177
2.030050039291382,-0.4941570460796356,-0.7905441522598267,0.14646176993846893,0.19776993989944458,0.4941570460796356,0,0,0.09137424826622009,0.7670673131942749,0.9998956322669983
2.043405532836914,-0.5034418106079102,-0.7914878726005554,0.1450144350528717,0.2153957486152649,0.5034418106079102,0,0,0.09007333219051361,0.761286199092865,0.9998981356620789
2.0567612648010254,-0.5127414464950562,-0.7925666570663452,0.14347800612449646,0.2329162359237671,0.5127414464950562,0,0,0.08874978870153427,0.7554185390472412,0.9999005794525146
2.0701167583465576,-0.5220543742179871,-0.7937799692153931,0.14185553789138794,0.25032877922058105,0.5220543742179871,0,0,0.08740551024675369,0.7494673132896423,0.99990314245224
2.083472490310669,-0.5313807129859924,-0.79512619972229,0.14014926552772522,0.2676352262496948,0.5313807129859924,0,0,0.08604193478822708,0.7434344291687012,0.9999054670333862
2.096827983856201,-0.5407178401947021,-0.7966044545173645,0.13836246728897095,0.2848312258720398,0.5407178401947021,0,0,0.08466140925884247,0.7373236417770386,0.9999079704284668
2.1101834774017334,-0.5500658750534058,-0.7982140779495239,0.1364978551864624,0.3019176721572876,0.5500658750534058,0,0,0.08326531201601028,0.7311370968818665,0.9999104738235474
2.1235392093658447,-0.5594234466552734,-0.799953281879425,0.13455802202224731,0.3188936114311218,0.5594234466552734,0,0,0.08185571432113647,0.7248780727386475,0.9999128580093384
2.136894702911377,-0.5687896609306335,-0.8018211126327515,0.13254588842391968,0.3357582092285156,0.5687896609306335,0,0,0.08043435215950012,0.7185493111610413,0.9999152421951294
2.1502504348754883,-0.5781643986701965,-0.8038179874420166,0.1304648518562317,0.35251080989837646,0.5781643986701965,0,0,0.07900295406579971,0.7121537327766418,0.9999176263809204
2.1636059284210205,-0.5875458121299744,-0.8059408068656921,0.12831705808639526,0.3691508173942566,0.5875458121299744,0,0,0.07756345719099045,0.705694317817688,0.9999198913574219
2.1769614219665527,-0.596933901309967,-0.808189868927002,0.12610584497451782,0.38567793369293213,0.596933901309967,0,0,0.07611756026744843,0.6991742253303528,0.9999222755432129
2.190317153930664,-0.606326699256897,-0.8105634450912476,0.12383419275283813,0.4020899534225464,0.606326699256897,0,0,0.0746665969491005,0.6925961375236511,0.9999245405197144
2.2036726474761963,-0.615725040435791,-0.8130601048469543,0.12150409817695618,0.4183899760246277,0.615725040435791,0,0,0.07321260124444962,0.6859634518623352,0.9999268054962158
2.2170283794403076,-0.6251266598701477,-0.8156792521476746,0.11911949515342712,0.43457406759262085,0.6251266598701477,0,0,0.07175692915916443,0.6792788505554199,0.9999289512634277
2.23038387298584,-0.6345316171646118,-0.8184195756912231,0.1166827380657196,0.4506436586380005,0.6345316171646118,0,0,0.07030127197504044,0.6725451946258545,0.9999311566352844
2.243739604949951,-0.6439393162727356,-0.8212797045707703,0.11419647932052612,0.4665989279747009,0.6439393162727356,0,0,0.06884723901748657,0.6657660007476807,0.9999333620071411
2.2570950984954834,-0.6533486843109131,-0.8242586255073547,0.11166375875473022,0.48243874311447144,0.6533486843109131,0,0,0.06739623844623566,0.6589435935020447,0.9999353885650635
2.2704505920410156,-0.6627596020698547,-0.8273552060127258,0.10908728837966919,0.49816399812698364,0.6627596020698547,0,0,0.06594963371753693,0.6520817279815674,0.9999374747276306
2.283806324005127,-0.6721707582473755,-0.8305678367614746,0.10646986961364746,0.5137736797332764,0.6721707582473755,0,0,0.06450888514518738,0.6451827883720398,0.999939501285553
2.297161817550659,-0.6815816164016724,-0.8338953256607056,0.10381421446800232,0.5292679071426392,0.6815816164016724,0,0,0.06307504326105118,0.6382497549057007,0.9999414682388306
2.3105175495147705,-0.690992534160614,-0.83733731508255,0.1011231541633606,0.544647753238678,0.690992534160614,0,0,0.061649732291698456,0.6312857866287231,0.9999433755874634
2.3238730430603027,-0.700402021408081,-0.8408917188644409,0.09839925169944763,0.5599123239517212,0.700402021408081,0,0,0.06023409590125084,0.6242944002151489,0.9999452829360962
2.337228536605835,-0.7098102569580078,-0.8445573449134827,0.09564483165740967,0.575063169002533,0.7098102569580078,0,0,0.058829035609960556,0.6172770857810974,0.9999471306800842
2.3505842685699463,-0.7192161679267883,-0.8483328223228455,0.09286278486251831,0.5900995135307312,0.7192161679267883,0,0,0.05743592604994774,0.6102375984191895,0.9999489188194275
2.3639397621154785,-0.7286192178726196,-0.8522173762321472,0.09005594253540039,0.605021059513092,0.7286192178726196,0,0,0.05605559051036835,0.6031786799430847,0.999950647354126
2.37729549407959,-0.7380197048187256,-0.8562095761299133,0.08722645044326782,0.6198298335075378,0.7380197048187256,0,0,0.05468897521495819,0.5961025953292847,0.9999523162841797
2.390650987625122,-0.7474169731140137,-0.8603083491325378,0.08437693119049072,0.6345255970954895,0.7474169731140137,0,0,0.05333751440048218,0.5890132784843445,0.9999539256095886
2.4040067195892334,-0.7568095326423645,-0.8645115494728088,0.08150994777679443,0.6491075158119202,0.7568095326423645,0,0,0.05200128257274628,0.5819119811058044,0.9999555945396423
2.4173622131347656,-0.7661982178688049,-0.8688187003135681,0.0786275863647461,0.6635777354240417,0.7661982178688049,0,0,0.050681594759225845,0.5748023390769958,0.9999571442604065
2.430717706680298,-0.7755820751190186,-0.8732277750968933,0.07573223114013672,0.6779363751411438,0.7755820751190186,0,0,0.049379054456949234,0.5676866769790649,0.9999586343765259
2.444073438644409,-0.7849610447883606,-0.8777387738227844,0.07282692193984985,0.6921833157539368,0.7849610447883606,0,0,0.048094332218170166,0.5605674386024475,0.9999602437019348
2.4574289321899414,-0.7943344712257385,-0.8823492527008057,0.06991314888000488,0.7063196897506714,0.7943344712257385,0,0,0.04682804271578789,0.5534471869468689,0.9999617338180542
2.4707846641540527,-0.8037022352218628,-0.887058436870575,0.0669935941696167,0.7203460335731506,0.8037022352218628,0,0,0.04558080807328224,0.5463285446166992,0.999963104724884
2.484140157699585,-0.813064455986023,-0.8918651342391968,0.06407004594802856,0.7342637777328491,0.813064455986023,0,0,0.04435332119464874,0.5392142534255981,0.9999644756317139
2.497495651245117,-0.8224195241928101,-0.8967665433883667,0.06114441156387329,0.7480725049972534,0.8224195241928101,0,0,0.04314568266272545,0.5321061015129089,0.9999657869338989
2.5108513832092285,-0.8317689299583435,-0.9017636775970459,0.05821943283081055,0.7617741823196411,0.8317689299583435,0,0,0.04195849969983101,0.5250064730644226,0.9999669790267944
2.5242068767547607,-0.8411105275154114,-0.9068542122840881,0.05529773235321045,0.7753668427467346,0.8411105275154114,0,0,0.04079216346144676,0.5179181098937988,0.9999682903289795
2.537562608718872,-0.8504462242126465,-0.9120367765426636,0.05237942934036255,0.7888556718826294,0.8504462242126465,0,0,0.03964698687195778,0.5108428597450256,0.9999695420265198
2.5509181022644043,-0.8597741723060608,-0.9173099994659424,0.04946780204772949,0.8022383451461792,0.8597741723060608,0,0,0.03852331265807152,0.5037833452224731,0.9999706745147705
2.5642738342285156,-0.8690945506095886,-0.9226731061935425,0.04656487703323364,0.8155159950256348,0.8690945506095886,0,0,0.03742125630378723,0.49674084782600403,0.9999716877937317
2.577629327774048,-0.8784067630767822,-0.928123950958252,0.04367190599441528,0.8286895751953125,0.8784067630767822,0,0,0.0363411009311676,0.4897181987762451,0.9999727606773376
2.59098482131958,-0.8877118229866028,-0.9336623549461365,0.04079079627990723,0.8417612910270691,0.8877118229866028,0,0,0.035283055156469345,0.4827173352241516,0.9999738335609436
2.6043405532836914,-0.8970085382461548,-0.9392860531806946,0.03792327642440796,0.854731023311615,0.8970085382461548,0,0,0.0342470146715641,0.4757395386695862,0.9999748468399048
2.6176960468292236,-0.9062973856925964,-0.9449946284294128,0.03507119417190552,0.86760014295578,0.9062973856925964,0,0,0.03323325887322426,0.4687878489494324,0.9999758005142212
2.631051778793335,-0.9155776500701904,-0.9507856965065002,0.03223574161529541,0.8803696036338806,0.9155776500701904,0,0,0.03224162384867668,0.4618628919124603,0.9999767541885376
2.644407272338867,-0.9248493313789368,-0.9566593170166016,0.02941948175430298,0.893039345741272,0.9248493313789368,0,0,0.0312722809612751,0.4549674987792969,0.999977707862854
2.6577627658843994,-0.934112012386322,-0.962613046169281,0.026623129844665527,0.905610978603363,0.934112012386322,0,0,0.0303251463919878,0.4481026530265808,0.9999786615371704
2.6711184978485107,-0.9433671236038208,-0.9686467051506042,0.02384793758392334,0.9180875420570374,0.9433671236038208,0,0,0.029400238767266273,0.44127053022384644,0.9999794960021973
2.684473991394043,-0.9526129961013794,-0.9747591614723206,0.02109670639038086,0.9304668307304382,0.9526129961013794,0,0,0.028497423976659775,0.4344725012779236,0.9999803304672241
2.6978297233581543,-0.9618499875068665,-0.9809479117393494,0.018369317054748535,0.9427520632743835,0.9618499875068665,0,0,0.027616431936621666,0.42771008610725403,0.999981164932251
2.7111852169036865,-0.9710779190063477,-0.9872117638587952,0.015667200088500977,0.9549440741539001,0.9710779190063477,0,0,0.026757344603538513,0.42098525166511536,0.9999819397926331
2.7245407104492188,-0.9802970290184021,-0.9935513138771057,0.012993156909942627,0.9670427441596985,0.9802970290184021,0,0,0.025919871404767036,0.41429898142814636,0.9999825954437256
2.73789644241333,-0.9895070791244507,-0.9999637603759766,0.010346949100494385,0.9790503978729248,0.9895070791244507,0,0,0.025103816762566566,0.4076528549194336,0.9999833106994629
2.7512519359588623,-0.99870765209198,-1.0064483880996704,0.007730722427368164,0.9909669160842896,0.99870765209198,0,0,0.024309104308485985,0.4010484218597412,0.9999840259552002
2.7646076679229736,-1.007899522781372,-1.0130038261413574,0.005144715309143066,1.0027952194213867,1.007899522781372,0,0,0.023535218089818954,0.3944864273071289,0.999984622001648
2.777963161468506,-1.0170819759368896,-1.0196293592453003,0.0025908946990966797,1.014534592628479,1.0170819759368896,0,0,0.02278227172791958,0.38796883821487427,0.9999852180480957
2.791318893432617,-1.0262562036514282,-1.026323676109314,6.92605972290039e-05,1.0261887311935425,1.0262562036514282,0,0,0.022049743682146072,0.38149622082710266,0.9999858736991882
2.8046743869781494,-1.0354200601577759,-1.0330846309661865,0.0024181604385375977,1.0377554893493652,1.0354200601577759,0,0,0.021337421610951424,0.375070184469223,0.999986469745636
2.8180298805236816,-1.0445749759674072,-1.0399123430252075,0.0048705339431762695,1.049237608909607,1.0445749759674072,0,0,0.020645134150981903,0.3686918616294861,0.999987006187439
2.831385612487793,-1.053721308708191,-1.0468052625656128,0.007287502288818359,1.060637354850769,1.053721308708191,0,0,0.01997246779501438,0.3623620569705963,0.9999876022338867
2.844741106033325,-1.0628576278686523,-1.0537620782852173,0.009667277336120605,1.0719531774520874,1.0628576278686523,0,0,0.01931902766227722,0.3560817539691925,0.9999880790710449
2.8580968379974365,-1.0719852447509766,-1.0607818365097046,0.012009978294372559,1.0831886529922485,1.0719852447509766,0,0,0.01868455298244953,0.34985196590423584,0.9999886155128479
2.8714523315429688,-1.0811034440994263,-1.067862868309021,0.014314413070678711,1.0943440198898315,1.0811034440994263,0,0,0.01806873083114624,0.3436737656593323,0.9999890923500061
2.884807825088501,-1.0902129411697388,-1.075005054473877,0.016579866409301758,1.1054208278656006,1.0902129411697388,0,0,0.0174713097512722,0.33754798769950867,0.9999896287918091
2.8981635570526123,-1.0993133783340454,-1.08220636844635,0.018805980682373047,1.1164203882217407,1.0993133783340454,0,0,0.016891755163669586,0.3314751088619232,0.9999900460243225
2.9115190505981445,-1.1084046363830566,-1.0894662141799927,0.02099144458770752,1.1273430585861206,1.1084046363830566,0,0,0.016329804435372353,0.3254563808441162,0.9999903440475464
2.924874782562256,-1.1174861192703247,-1.0967832803726196,0.02313518524169922,1.1381889581680298,1.1174861192703247,0,0,0.015785058960318565,0.31949207186698914,0.9999908804893494
2.938230276107788,-1.1265605688095093,-1.1041570901870728,0.025238871574401855,1.1489640474319458,1.1265605688095093,0,0,0.015257238410413265,0.3135833740234375,0.9999913573265076
2.9515860080718994,-1.1356251239776611,-1.111586332321167,0.027299165725708008,1.1596639156341553,1.1356251239776611,0,0,0.014745905995368958,0.30773070454597473,0.9999916553497314
2.9649415016174316,-1.1446809768676758,-1.1190688610076904,0.029317617416381836,1.1702930927276611,1.1446809768676758,0,0,0.014250658452510834,0.30193445086479187,0.9999920129776001
2.978296995162964,-1.1537283658981323,-1.1266049146652222,0.03129303455352783,1.1808518171310425,1.1537283658981323,0,0,0.01377121452242136,0.2961956858634949,0.9999923706054688
2.991652727127075,-1.1627672910690308,-1.1341934204101562,0.03322482109069824,1.1913411617279053,1.1627672910690308,0,0,0.013307178393006325,0.2905145585536957,0.9999926090240479
3.0050082206726074,-1.1717970371246338,-1.1418325901031494,0.03511226177215576,1.2017614841461182,1.1717970371246338,0,0,0.012858136557042599,0.2848915159702301,0.9999929666519165
3.0183639526367188,-1.180818796157837,-1.1495225429534912,0.03695523738861084,1.2121150493621826,1.180818796157837,0,0,0.012423763051629066,0.27932724356651306,0.9999934434890747
3.031719446182251,-1.1898322105407715,-1.157260537147522,0.038754820823669434,1.222403883934021,1.1898322105407715,0,0,0.012003631331026554,0.27382194995880127,0.9999936819076538
3.045074939727783,-1.1988366842269897,-1.165047287940979,0.04050791263580322,1.2326260805130005,1.1988366842269897,0,0,0.011597400531172752,0.2683762013912201,0.9999939203262329
3.0584306716918945,-1.2078337669372559,-1.1728816032409668,0.04221642017364502,1.242785930633545,1.2078337669372559,0,0,0.011204786598682404,0.2629903554916382,0.9999942779541016
3.0717861652374268,-1.2168229818344116,-1.1807615756988525,0.043880343437194824,1.2528843879699707,1.2168229818344116,0,0,0.010825319215655327,0.25766441226005554,0.9999945163726807
3.085141897201538,-1.225804090499878,-1.1886870861053467,0.04549813270568848,1.2629210948944092,1.225804090499878,0,0,0.010458678938448429,0.2523990869522095,0.999994695186615
3.0984973907470703,-1.2347772121429443,-1.1966571807861328,0.04706978797912598,1.2728972434997559,1.2347772121429443,0,0,0.010104537010192871,0.2471945434808731,0.9999949932098389
3.1118528842926025,-1.2437422275543213,-1.2046698331832886,0.04859590530395508,1.282814621925354,1.2437422275543213,0,0,0.0097624771296978,0.24205076694488525,0.9999952912330627
3.125208616256714,-1.2527004480361938,-1.2127262353897095,0.05007576942443848,1.2926746606826782,1.2527004480361938,0,0,0.00943224597722292,0.23696811497211456,0.9999953508377075
3.138564109802246,-1.2616509199142456,-1.220822811126709,0.05151081085205078,1.3024790287017822,1.2616509199142456,0,0,0.00911338534206152,0.23194661736488342,0.9999955892562866
3.1519198417663574,-1.2705937623977661,-1.2289612293243408,0.05289804935455322,1.3122262954711914,1.2705937623977661,0,0,0.00880565494298935,0.22698639333248138,0.9999959468841553
3.1652753353118896,-1.2795292139053345,-1.2371392250061035,0.05423915386199951,1.3219192028045654,1.2795292139053345,0,0,0.00850865337997675,0.222088024020195,0.9999960660934448
3.178631067276001,-1.2884578704833984,-1.2453558444976807,0.055535197257995605,1.3315598964691162,1.2884578704833984,0,0,0.008222084492444992,0.21725086867809296,0.9999963045120239
3.191986560821533,-1.297379732131958,-1.253610610961914,0.05678510665893555,1.341148853302002,1.297379732131958,0,0,0.007945663295686245,0.21247552335262299,0.999996542930603
3.2053420543670654,-1.3062946796417236,-1.261902928352356,0.057988643646240234,1.3506864309310913,1.3062946796417236,0,0,0.007679064758121967,0.20776183903217316,0.9999966621398926
3.2186977863311768,-1.3152028322219849,-1.270232081413269,0.05914568901062012,1.3601735830307007,1.3152028322219849,0,0,0.007421934045851231,0.20310980081558228,0.9999967813491821
3.232053279876709,-1.3241041898727417,-1.2785959243774414,0.060257673263549805,1.369612455368042,1.3241041898727417,0,0,0.007174007128924131,0.19851966202259064,0.9999969005584717
3.2454090118408203,-1.3329998254776,-1.2869951725006104,0.061324119567871094,1.3790044784545898,1.3329998254776,0,0,0.006934997159987688,0.19399088621139526,0.9999971389770508
3.2587645053863525,-1.3418883085250854,-1.2954277992248535,0.06234478950500488,1.3883488178253174,1.3418883085250854,0,0,0.006704564206302166,0.18952390551567078,0.9999972581863403
3.2721199989318848,-1.350771188735962,-1.3038947582244873,0.06331932544708252,1.3976476192474365,1.350771188735962,0,0,0.0064825257286429405,0.18511830270290375,0.9999973773956299
3.285475730895996,-1.3596476316452026,-1.3123936653137207,0.06424868106842041,1.4069015979766846,1.3596476316452026,0,0,0.006268519442528486,0.18077430129051208,0.9999974966049194
3.2988312244415283,-1.3685184717178345,-1.3209236860275269,0.06513428688049316,1.416113257408142,1.3685184717178345,0,0,0.006062225438654423,0.17649152874946594,0.999997615814209
3.3121869564056396,-1.3773834705352783,-1.329485297203064,0.06597411632537842,1.4252816438674927,1.3773834705352783,0,0,0.005863508675247431,0.17226991057395935,0.9999977946281433
3.325542449951172,-1.3862435817718506,-1.3380769491195679,0.06677067279815674,1.4344102144241333,1.3862435817718506,0,0,0.005672061815857887,0.16810953617095947,0.9999979734420776
3.338898181915283,-1.3950971364974976,-1.34669828414917,0.0675210952758789,1.4434959888458252,1.3950971364974976,0,0,0.005487597547471523,0.16400986909866333,0.9999980330467224
3.3522536754608154,-1.4039459228515625,-1.3553483486175537,0.06822836399078369,1.4525434970855713,1.4039459228515625,0,0,0.005309943575412035,0.15997113287448883,0.999998152256012
3.3656091690063477,-1.412789225578308,-1.3640263080596924,0.06889164447784424,1.4615521430969238,1.412789225578308,0,0,0.005138835404068232,0.15599317848682404,0.9999983310699463
3.378964900970459,-1.4216283559799194,-1.3727322816848755,0.0695120096206665,1.4705244302749634,1.4216283559799194,0,0,0.004973984323441982,0.15207535028457642,0.9999983310699463
3.392320394515991,-1.4304620027542114,-1.381463885307312,0.07008993625640869,1.4794601202011108,1.4304620027542114,0,0,0.004815253429114819,0.14821790158748627,0.9999983310699463
3.4056761264801025,-1.4392917156219482,-1.390222191810608,0.07062530517578125,1.4883612394332886,1.4392917156219482,0,0,0.004662367515265942,0.14442026615142822,0.9999983906745911
3.4190316200256348,-1.4481161832809448,-1.3990055322647095,0.07111787796020508,1.4972268342971802,1.4481161832809448,0,0,0.0045151435770094395,0.1406826376914978,0.9999985694885254
3.432387113571167,-1.4569361209869385,-1.4078136682510376,0.07156825065612793,1.5060585737228394,1.4569361209869385,0,0,0.004373347852379084,0.137004554271698,0.9999986290931702
3.4457428455352783,-1.4657524824142456,-1.4166465997695923,0.07197713851928711,1.514858365058899,1.4657524824142456,0,0,0.004236847627907991,0.13338591158390045,0.9999986886978149
3.4590983390808105,-1.4745649099349976,-1.4255019426345825,0.07234644889831543,1.5236278772354126,1.4745649099349976,0,0,0.004105344880372286,0.12982624769210815,0.9999988675117493
3.472454071044922,-1.4833728075027466,-1.4343805313110352,0.07267379760742188,1.532365083694458,1.4833728075027466,0,0,0.00397876463830471,0.12632566690444946,0.999998927116394
3.485809564590454,-1.4921774864196777,-1.443281650543213,0.07296133041381836,1.5410733222961426,1.4921774864196777,0,0,0.003856875468045473,0.12288364768028259,0.9999988675117493
3.4991650581359863,-1.5009784698486328,-1.4522041082382202,0.07320928573608398,1.5497528314590454,1.5009784698486328,0,0,0.003739470150321722,0.11950011551380157,0.999998927116394
3.5125207901000977,-1.5097756385803223,-1.461147427558899,0.07341766357421875,1.5584038496017456,1.5097756385803223,0,0,0.0036264201626181602,0.11617493629455566,0.9999990463256836
3.52587628364563,-1.5185697078704834,-1.4701117277145386,0.07358670234680176,1.5670276880264282,1.5185697078704834,0,0,0.0035175299271941185,0.1129075214266777,0.9999992251396179
3.539232015609741,-1.5273611545562744,-1.4790951013565063,0.07371973991394043,1.5756272077560425,1.5273611545562744,0,0,0.0034126807004213333,0.10969794541597366,0.9999992251396179
3.5525875091552734,-1.5361485481262207,-1.4880982637405396,0.07381248474121094,1.5841988325119019,1.5361485481262207,0,0,0.0033116883132606745,0.1065460816025734,0.9999992251396179
3.5659432411193848,-1.5449342727661133,-1.4971204996109009,0.07386922836303711,1.5927480459213257,1.5449342727661133,0,0,0.0032144293654710054,0.10345140099525452,0.9999993443489075
3.579298734664917,-1.5537165403366089,-1.506160020828247,0.07388925552368164,1.6012730598449707,1.5537165403366089,0,0,0.0031207238789647818,0.10041382908821106,0.9999994039535522
3.592654228210449,-1.562496304512024,-1.5152182579040527,0.07387185096740723,1.6097743511199951,1.562496304512024,0,0,0.003030478022992611,0.09743346273899078,0.9999994039535522
3.6060099601745605,-1.5712741613388062,-1.5242931842803955,0.07382011413574219,1.6182551383972168,1.5712741613388062,0,0,0.0029435090254992247,0.09450949728488922,0.9999994039535522
3.6193654537200928,-1.5800504684448242,-1.5333853960037231,0.07373309135437012,1.6267155408859253,1.5800504684448242,0,0,0.0028597437776625156,0.09164249151945114,0.9999994039535522
3.632721185684204,-1.5888234376907349,-1.5424933433532715,0.07361030578613281,1.6351535320281982,1.5888234376907349,0,0,0.002778997179120779,0.08883176743984222,0.9999995231628418
3.6460766792297363,-1.5975948572158813,-1.5516175031661987,0.07345318794250488,1.643572211265564,1.5975948572158813,0,0,0.0027012035716325045,0.08607761561870575,0.9999995827674866
3.6594321727752686,-1.6063655614852905,-1.5607566833496094,0.07326436042785645,1.6519744396209717,1.6063655614852905,0,0,0.0026262307073920965,0.08337979018688202,0.9999995827674866
3.67278790473938,-1.6151336431503296,-1.5699106454849243,0.07304120063781738,1.6603566408157349,1.6151336431503296,0,0,0.0025539330672472715,0.08073796331882477,0.9999996423721313
3.686143398284912,-1.6239004135131836,-1.5790786743164062,0.07278609275817871,1.668722152709961,1.6239004135131836,0,0,0.00248421891592443,0.07815222442150116,0.9999996423721313
3.6994991302490234,-1.6326663494110107,-1.5882611274719238,0.07249879837036133,1.6770715713500977,1.6326663494110107,0,0,0.0024170049000531435,0.07562268525362015,0.9999996423721313
3.7128546237945557,-1.6414308547973633,-1.5974565744400024,0.07218074798583984,1.6854051351547241,1.6414308547973633,0,0,0.0023521692492067814,0.07314930856227875,0.9999996423721313
3.726210355758667,-1.650194525718689,-1.6066656112670898,0.07183122634887695,1.693723440170288,1.650194525718689,0,0,0.002289646537974477,0.07073225826025009,0.9999996423721313
3.739565849304199,-1.6589574813842773,-1.6158865690231323,0.07145261764526367,1.7020283937454224,1.6589574813842773,0,0,0.0022292998619377613,0.06837137788534164,0.9999997615814209
3.7529213428497314,-1.6677193641662598,-1.6251193284988403,0.071044921875,1.7103193998336792,1.6677193641662598,0,0,0.0021710640285164118,0.06606712192296982,0.9999997615814209
3.7662770748138428,-1.6764812469482422,-1.6343649625778198,0.07060718536376953,1.7185975313186646,1.6764812469482422,0,0,0.002114859875291586,0.06381962448358536,0.9999997019767761
3.779632568359375,-1.6852426528930664,-1.6436214447021484,0.07014179229736328,1.7268638610839844,1.6852426528930664,0,0,0.0020606154575943947,0.06162898987531662,0.9999998211860657
3.7929883003234863,-1.6940038204193115,-1.6528886556625366,0.06964921951293945,1.7351189851760864,1.6940038204193115,0,0,0.002008181530982256,0.05949559435248375,0.9999998807907104
3.8063437938690186,-1.7027647495269775,-1.662166953086853,0.06912851333618164,1.743362545967102,1.7027647495269775,0,0,0.001957551809027791,0.05741987004876137,0.9999997615814209
3.819699287414551,-1.711525797843933,-1.6714553833007812,0.06858158111572266,1.751596212387085,1.711525797843933,0,0,0.001908636069856584,0.05540236085653305,0.9999998807907104
3.833055019378662,-1.7202876806259155,-1.6807538270950317,0.06800961494445801,1.7598215341567993,1.7202876806259155,0,0,0.0018613624852150679,0.05344361439347267,0.9999998807907104
3.8464105129241943,-1.7290490865707397,-1.6900614500045776,0.06741142272949219,1.7680367231369019,1.7290490865707397,0,0,0.0018156315200030804,0.051544032990932465,0.9999998807907104
3.8597662448883057,-1.7378122806549072,-1.699378490447998,0.06679081916809082,1.7762460708618164,1.7378122806549072,0,0,0.0017714224522933364,0.04970443993806839,0.9999998211860657
3.873121738433838,-1.7465744018554688,-1.7087037563323975,0.06614375114440918,1.78444504737854,1.7465744018554688,0,0,0.0017286454094573855,0.0479256771504879,0.9999998807907104
3.88647723197937,-1.7553387880325317,-1.7180386781692505,0.06547427177429199,1.792638897895813,1.7553387880325317,0,0,0.0016872675623744726,0.046208783984184265,1.0
3.8998329639434814,-1.7641037702560425,-1.7273809909820557,0.06478285789489746,1.8008265495300293,1.7641037702560425,0,0,0.001647189143113792,0.04455430433154106,0.9999999403953552
3.9131884574890137,-1.7728687524795532,-1.7367310523986816,0.06406736373901367,1.8090064525604248,1.7728687524795532,0,0,0.0016083716182038188,0.0429636687040329,1.0
3.926544189453125,-1.781636357307434,-1.746088981628418,0.06333255767822266,1.8171837329864502,1.781636357307434,0,0,0.001570768072269857,0.04143783450126648,0.9999999403953552
3.9398996829986572,-1.7904045581817627,-1.7554540634155273,0.0625755786895752,1.825355052947998,1.7904045581817627,0,0,0.001534337643533945,0.039978474378585815,1.0
3.9532554149627686,-1.7991753816604614,-1.7648268938064575,0.061798810958862305,1.8335238695144653,1.7991753816604614,0,0,0.0014990039635449648,0.038586340844631195,1.0
3.966610908508301,-1.8079465627670288,-1.7742054462432861,0.061002254486083984,1.8416876792907715,1.8079465627670288,0,0,0.0014647248899564147,0.03726302832365036,1.0
3.979966402053833,-1.8167192935943604,-1.7835904359817505,0.06018567085266113,1.8498481512069702,1.8167192935943604,0,0,0.001431469339877367,0.03601020202040672,1.0
3.9933221340179443,-1.825494647026062,-1.7929818630218506,0.05935192108154297,1.8580074310302734,1.825494647026062,0,0,0.0013991885352879763,0.03482890874147415,0.9999999403953552
4.006678104400635,-1.8342723846435547,-1.8023794889450073,0.05850028991699219,1.866165280342102,1.8342723846435547,0,0,0.0013678357936441898,0.03372086584568024,0.9999999403953552
4.020033359527588,-1.8430520296096802,-1.8117821216583252,0.0576322078704834,1.8743219375610352,1.8430520296096802,0,0,0.0013373701367527246,0.03268731012940407,1.0
4.033389091491699,-1.8518332242965698,-1.821190595626831,0.056745052337646484,1.8824758529663086,1.8518332242965698,0,0,0.0013077433686703444,0.031729355454444885,1.0
4.0467448234558105,-1.8606181144714355,-1.8306043148040771,0.05584430694580078,1.890631914138794,1.8606181144714355,0,0,0.0012789556058123708,0.030848268419504166,1.0
4.060100078582764,-1.8694044351577759,-1.8400217294692993,0.05492830276489258,1.8987871408462524,1.8694044351577759,0,0,0.0012509309453889728,0.030044792219996452,1.0
4.073455810546875,-1.8781945705413818,-1.8494449853897095,0.05399727821350098,1.9069441556930542,1.8781945705413818,0,0,0.001223642029799521,0.029319316148757935,1.0
4.086811542510986,-1.886986255645752,-1.8588721752166748,0.05305075645446777,1.915100336074829,1.886986255645752,0,0,0.0011970623163506389,0.028672130778431892,1.0
4.100167274475098,-1.8957812786102295,-1.868303656578064,0.05209159851074219,1.923258900642395,1.8957812786102295,0,0,0.0011711743427440524,0.028103316202759743,1.0
4.113522529602051,-1.904579520225525,-1.8777389526367188,0.05111980438232422,1.931420087814331,1.904579520225525,0,0,0.0011459283996373415,0.027611825615167618,1.0
4.126878261566162,-1.9133806228637695,-1.8871780633926392,0.05013561248779297,1.9395831823349,1.9133806228637695,0,0,0.0011212967801839113,0.027196615934371948,1.0
4.140233993530273,-1.9221856594085693,-1.8966214656829834,0.04913926124572754,1.9477498531341553,1.9221856594085693,0,0,0.0010972684249281883,0.026855984702706337,1.0
4.153589248657227,-1.9309941530227661,-1.9060673713684082,0.04813337326049805,1.955920934677124,1.9309941530227661,0,0,0.0010738011915236712,0.026587698608636856,1.0
4.166944980621338,-1.939805269241333,-1.9155166149139404,0.047115325927734375,1.9640939235687256,1.939805269241333,0,0,0.0010508695850148797,0.026389149948954582,1.0
4.180300712585449,-1.948620319366455,-1.9249690771102905,0.04608726501464844,1.9722715616226196,1.948620319366455,0,0,0.0010284569580107927,0.02625706046819687,0.9999999403953552
4.193655967712402,-1.9574395418167114,-1.9344241619110107,0.04505133628845215,1.980454921722412,1.9574395418167114,0,0,0.0010065467795357108,0.02618805691599846,1.0
4.207011699676514,-1.966262698173523,-1.9438824653625488,0.044005393981933594,1.988642930984497,1.966262698173523,0,0,0.0009851008653640747,0.026178067550063133,1.0
4.220367431640625,-1.9750890731811523,-1.9533427953720093,0.04295086860656738,1.9968353509902954,1.9750890731811523,0,0,0.0009641115320846438,0.02622312493622303,1.0
4.233723163604736,-1.9839197397232056,-1.9628053903579712,0.041889190673828125,2.0050339698791504,1.9839197397232056,0,0,0.000943553342949599,0.02631901204586029,1.0
4.2470784187316895,-1.9927546977996826,-1.9722702503204346,0.04082036018371582,2.0132391452789307,1.9927546977996826,0,0,0.0009234050521627069,0.026461385190486908,1.0
4.260434150695801,-2.001593589782715,-1.9817372560501099,0.03974413871765137,2.0214500427246094,2.001593589782715,0,0,0.0009036605479195714,0.02664581686258316,1.0
4.273789882659912,-2.010437488555908,-1.991206169128418,0.03866291046142578,2.0296688079833984,2.010437488555908,0,0,0.0008842853712849319,0.0268680639564991,1.0
4.287145137786865,-2.019284963607788,-2.000676393508911,0.03757619857788086,2.037893533706665,2.019284963607788,0,0,0.0008652639226056635,0.02712392807006836,1.0
4.300500869750977,-2.028137683868408,-2.010148048400879,0.03648519515991211,2.0461273193359375,2.028137683868408,0,0,0.0008466088329441845,0.02740950509905815,0.9999999403953552
4.313856601715088,-2.0369951725006104,-2.0196216106414795,0.03538990020751953,2.054368734359741,2.0369951725006104,0,0,0.0008282668422907591,0.027720855548977852,1.0
4.327212333679199,-2.0458576679229736,-2.0290963649749756,0.03429126739501953,2.0626189708709717,2.0458576679229736,0,0,0.0008102410938590765,0.028054606169462204,1.0
4.340567588806152,-2.0547242164611816,-2.0385725498199463,0.033186912536621094,2.070875883102417,2.0547242164611816,0,0,0.0007925277459435165,0.02840724214911461,1.0
4.353923320770264,-2.06359601020813,-2.048048973083496,0.03208303451538086,2.0791430473327637,2.06359601020813,0,0,0.0007750997901894152,0.028775682672858238,1.0
4.367279052734375,-2.0724730491638184,-2.057527780532837,0.03097391128540039,2.0874183177948,2.0724730491638184,0,0,0.0007579575176350772,0.02915709652006626,1.0
4.380634307861328,-2.081355333328247,-2.0670065879821777,0.029864788055419922,2.0957040786743164,2.081355333328247,0,0,0.0007410814869217575,0.029548851773142815,1.0
4.3939900398254395,-2.090242385864258,-2.0764858722686768,0.028754711151123047,2.103998899459839,2.090242385864258,0,0,0.0007244725129567087,0.02994847297668457,0.9999999403953552
4.407345771789551,-2.099134922027588,-2.0859663486480713,0.02764272689819336,2.1123034954071045,2.099134922027588,0,0,0.0007080898503772914,0.030353788286447525,1.0
4.420701503753662,-2.108032703399658,-2.095447063446045,0.026530742645263672,2.1206183433532715,2.108032703399658,0,0,0.0006919603329151869,0.030762864276766777,1.0
4.434056758880615,-2.116936206817627,-2.1049277782440186,0.025421142578125,2.1289446353912354,2.116936206817627,0,0,0.0006760694086551666,0.03117389790713787,1.0
4.447412490844727,-2.125845193862915,-2.1144094467163086,0.024310588836669922,2.1372809410095215,2.125845193862915,0,0,0.0006603875081054866,0.0315852016210556,0.9999999403953552
4.460768222808838,-2.1347601413726807,-2.123891592025757,0.023201942443847656,2.1456286907196045,2.1347601413726807,0,0,0.0006449290085583925,0.03199528902769089,0.9999998807907104
4.474123477935791,-2.1436800956726074,-2.133373260498047,0.0220947265625,2.153986930847168,2.1436800956726074,0,0,0.0006296715582720935,0.03240292891860008,0.9999998807907104
4.487479209899902,-2.1526057720184326,-2.142855644226074,0.02098846435546875,2.162355899810791,2.1526057720184326,0,0,0.0006146262749098241,0.03280697390437126,0.9999999403953552
4.500834941864014,-2.1615383625030518,-2.1523382663726807,0.019886016845703125,2.170738458633423,2.1615383625030518,0,0,0.0005997717380523682,0.033206332474946976,1.0
4.514190196990967,-2.170475721359253,-2.16182017326355,0.01878643035888672,2.179131269454956,2.170475721359253,0,0,0.0005851132445968688,0.03359994292259216,1.0
4.527545928955078,-2.179419994354248,-2.1713016033172607,0.017693519592285156,2.1875383853912354,2.179419994354248,0,0,0.0005706276278942823,0.03398711979389191,1.0
4.5409016609191895,-2.1883692741394043,-2.180783271789551,0.016601085662841797,2.195955276489258,2.1883692741394043,0,0,0.0005563319427892566,0.03436700999736786,1.0
4.554257392883301,-2.1973257064819336,-2.1902647018432617,0.015515327453613281,2.2043867111206055,2.1973257064819336,0,0,0.0005422093672677875,0.03473902493715286,0.9999998807907104
4.567612648010254,-2.2062878608703613,-2.1997461318969727,0.014432907104492188,2.21282958984375,2.2062878608703613,0,0,0.0005282737547531724,0.035102520138025284,0.9999998211860657
4.580968379974365,-2.2152559757232666,-2.2092270851135254,0.013355731964111328,2.221284866333008,2.2152559757232666,0,0,0.0005144979804754257,0.03545704856514931,0.9999998211860657
4.594324111938477,-2.224231243133545,-2.21870756149292,0.012285709381103516,2.22975492477417,2.224231243133545,0,0,0.0005008881562389433,0.035802122205495834,0.9999998807907104
4.60767936706543,-2.2332117557525635,-2.228187322616577,0.011220455169677734,2.23823618888855,2.2332117557525635,0,0,0.00048745289677754045,0.036137308925390244,0.9999998807907104
4.621035099029541,-2.242199420928955,-2.237666606903076,0.010163307189941406,2.246732234954834,2.242199420928955,0,0,0.00047416650340892375,0.036462243646383286,0.9999998807907104
4.634390830993652,-2.2511940002441406,-2.247145175933838,0.009114742279052734,2.2552428245544434,2.2511940002441406,0,0,0.0004610509204212576,0.03677663579583168,1.0
4.647746562957764,-2.2601943016052246,-2.2566239833831787,0.008069515228271484,2.2637646198272705,2.2601943016052246,0,0,0.00044809404062107205,0.03708023950457573,0.9999998807907104
4.661101818084717,-2.2692012786865234,-2.266101121902466,0.007034778594970703,2.272301435470581,2.2692012786865234,0,0,0.0004352969699539244,0.037372834980487823,1.0
4.674457550048828,-2.2782154083251953,-2.275578260421753,0.006008148193359375,2.2808525562286377,2.2782154083251953,0,0,0.0004226533928886056,0.037654146552085876,0.9999999403953552
4.6878132820129395,-2.287236452102661,-2.2850544452667236,0.004990577697753906,2.2894184589385986,2.287236452102661,0,0,0.0004101744561921805,0.037924110889434814,0.9999998807907104
4.701168537139893,-2.296262502670288,-2.294529676437378,0.003979206085205078,2.2979953289031982,2.296262502670288,0,0,0.000397844472900033,0.03818243741989136,0.9999998807907104
4.714524269104004,-2.3052971363067627,-2.304004192352295,0.0029807090759277344,2.3065900802612305,2.3052971363067627,0,0,0.0003856768598780036,0.03842915967106819,0.9999998807907104
4.727880001068115,-2.314337968826294,-2.3134782314300537,0.0019898414611816406,2.315197706222534,2.314337968826294,0,0,0.00037366829928942025,0.03866412863135338,0.9999999403953552
4.741235256195068,-2.3233847618103027,-2.322950839996338,0.0010080337524414062,2.3238186836242676,2.3233847618103027,0,0,0.00036181561881676316,0.03888726234436035,0.9999999403953552
4.75459098815918,-2.332439661026001,-2.332423210144043,3.814697265625e-05,2.332456111907959,2.332439661026001,0,0,0.000350122747477144,0.03909846022725105,0.9999998807907104
4.767946720123291,-2.341500759124756,-2.3418948650360107,0.0009226799011230469,2.341106653213501,2.341500759124756,0,0,0.00033858680399134755,0.03929774835705757,0.9999999403953552
4.781302452087402,-2.350569725036621,-2.351364850997925,0.00186920166015625,2.3497745990753174,2.350569725036621,0,0,0.0003272096219006926,0.03948501870036125,0.9999998807907104
4.7946577072143555,-2.359644651412964,-2.3608343601226807,0.002807140350341797,2.358454942703247,2.359644651412964,0,0,0.00031599722569808364,0.03966028615832329,0.9999998807907104
4.808013439178467,-2.368727207183838,-2.370302438735962,0.003731250762939453,2.367151975631714,2.368727207183838,0,0,0.0003049531951546669,0.03982360288500786,0.9999998807907104
4.821369171142578,-2.3778162002563477,-2.379770040512085,0.004645824432373047,2.3758623600006104,2.3778162002563477,0,0,0.00029406268731690943,0.03997495397925377,1.0
4.834724426269531,-2.3869130611419678,-2.389237403869629,0.005548000335693359,2.3845887184143066,2.3869130611419678,0,0,0.00028334412490949035,0.04011423885822296,1.0
4.848080158233643,-2.396016836166382,-2.39870285987854,0.006435871124267578,2.3933308124542236,2.396016836166382,0,0,0.00027279500500299037,0.04024162143468857,0.9999998807907104
4.861435890197754,-2.4051270484924316,-2.4081671237945557,0.007311820983886719,2.4020869731903076,2.4051270484924316,0,0,0.00026240735314786434,0.040357042104005814,0.9999998807907104
4.874791622161865,-2.414245128631592,-2.417631149291992,0.008174896240234375,2.4108591079711914,2.414245128631592,0,0,0.0002521967689972371,0.04046059027314186,0.9999998807907104
4.888146877288818,-2.4233696460723877,-2.427093267440796,0.00902414321899414,2.4196460247039795,2.4233696460723877,0,0,0.0002421627868898213,0.040552277117967606,0.9999999403953552
4.90150260925293,-2.432501792907715,-2.4365553855895996,0.009860038757324219,2.42844820022583,2.432501792907715,0,0,0.000232307065743953,0.04063216596841812,0.9999998807907104
4.914858341217041,-2.441641092300415,-2.4460158348083496,0.010681629180908203,2.4372663497924805,2.441641092300415,0,0,0.00022262762649916112,0.04070030897855759,0.9999998807907104
4.928213596343994,-2.4507875442504883,-2.455475330352783,0.011488914489746094,2.4460997581481934,2.4507875442504883,0,0,0.0002131263172486797,0.040756769478321075,0.9999998807907104
4.9415693283081055,-2.459941864013672,-2.464935064315796,0.012282848358154297,2.454948663711548,2.459941864013672,0,0,0.00020381176727823913,0.040801551192998886,0.9999998807907104
4.954925060272217,-2.469102144241333,-2.474392890930176,0.013063430786132812,2.4638113975524902,2.469102144241333,0,0,0.00019468372920528054,0.040834762156009674,0.9999998807907104
4.968280792236328,-2.4782700538635254,-2.4838497638702393,0.013828277587890625,2.4726903438568115,2.4782700538635254,0,0,0.00018573716806713492,0.040856536477804184,0.9999998211860657
4.981636047363281,-2.4874463081359863,-2.493305206298828,0.01457357406616211,2.4815874099731445,2.4874463081359863,0,0,0.00017698518058750778,0.040866781026124954,0.9999998807907104
4.994991779327393,-2.496628761291504,-2.5027596950531006,0.015306472778320312,2.4904978275299072,2.496628761291504,0,0,0.000168425845913589,0.04086567834019661,1.0
5.008347511291504,-2.5058181285858154,-2.512214183807373,0.016027450561523438,2.499422073364258,2.5058181285858154,0,0,0.00016006053192541003,0.04085329920053482,0.9999998807907104
5.021702766418457,-2.515015125274658,-2.5216667652130127,0.016728878021240234,2.5083634853363037,2.515015125274658,0,0,0.00015189358964562416,0.04082968831062317,0.9999998807907104
5.035058498382568,-2.5242197513580322,-2.5311191082000732,0.017415523529052734,2.517320394515991,2.5242197513580322,0,0,0.00014392191951628774,0.040794916450977325,0.9999998211860657
5.04841423034668,-2.533430814743042,-2.540570020675659,0.018086910247802734,2.526291608810425,2.533430814743042,0,0,0.00013615675561595708,0.040749046951532364,0.9999998807907104
5.061769485473633,-2.542649984359741,-2.550020456314087,0.01874065399169922,2.5352795124053955,2.542649984359741,0,0,0.00012859745766036212,0.04069223999977112,0.9999998807907104
5.075125217437744,-2.5518763065338135,-2.5594701766967773,0.019378662109375,2.5442824363708496,2.5518763065338135,0,0,0.00012124353088438511,0.040624506771564484,0.9999999403953552
5.0884809494018555,-2.5611093044281006,-2.5689187049865723,0.020000934600830078,2.553299903869629,2.5611093044281006,0,0,0.00011408956197556108,0.04054585471749306,1.0
5.101836681365967,-2.5703492164611816,-2.578366756439209,0.020607948303222656,2.5623316764831543,2.5703492164611816,0,0,0.0001071555889211595,0.04045652598142624,0.9999999403953552
5.11519193649292,-2.579596519470215,-2.587812900543213,0.021194934844970703,2.571380138397217,2.579596519470215,0,0,0.00010042583744507283,0.040356479585170746,0.9999999403953552
5.128547668457031,-2.588850975036621,-2.5972588062286377,0.02176666259765625,2.5804431438446045,2.588850975036621,0,0,9.391663479618728e-05,0.040245819836854935,0.9999999403953552
5.141903400421143,-2.5981125831604004,-2.606703996658325,0.022321701049804688,2.5895211696624756,2.5981125831604004,0,0,8.761993376538157e-05,0.04012467339634895,0.9999999403953552
5.155258655548096,-2.607381582260132,-2.6161484718322754,0.022858619689941406,2.5986146926879883,2.607381582260132,0,0,8.153847011271864e-05,0.03999311849474907,0.9999999403953552
5.168614387512207,-2.6166577339172363,-2.62559175491333,0.023377418518066406,2.6077237129211426,2.6166577339172363,0,0,7.567260036012158e-05,0.039851121604442596,0.9999998807907104
5.181970119476318,-2.625941276550293,-2.635035276412964,0.023880481719970703,2.616847276687622,2.625941276550293,0,0,7.003265636740252e-05,0.03969890624284744,0.9999998807907104
5.19532585144043,-2.635230779647827,-2.6444766521453857,0.024364948272705078,2.6259849071502686,2.635230779647827,0,0,6.460631993832067e-05,0.0395364984869957,0.9999998807907104
5.208681106567383,-2.644526958465576,-2.6539182662963867,0.024835586547851562,2.6351356506347656,2.644526958465576,0,0,5.940335904597305e-05,0.03936392813920975,0.9999998211860657
5.222036838531494,-2.6538314819335938,-2.6633591651916504,0.025284767150878906,2.644303798675537,2.6538314819335938,0,0,5.442406836664304e-05,0.03918132930994034,0.9999998807907104
5.2353925704956055,-2.663142681121826,-2.6727991104125977,0.025716304779052734,2.6534862518310547,2.663142681121826,0,0,4.966605411027558e-05,0.03898873180150986,0.9999999403953552
5.248747825622559,-2.6724603176116943,-2.6822378635406494,0.026130199432373047,2.6626827716827393,2.6724603176116943,0,0,4.513285603024997e-05,0.038786277174949646,0.9999998807907104
5.26210355758667,-2.6817851066589355,-2.691676616668701,0.026526927947998047,2.67189359664917,2.6817851066589355,0,0,4.08195992349647e-05,0.03857402503490448,0.9999998807907104
5.275459289550781,-2.6911163330078125,-2.701115369796753,0.02690887451171875,2.681117296218872,2.6911163330078125,0,0,3.673376704682596e-05,0.03835206851363182,0.9999999403953552
5.288814544677734,-2.7004544734954834,-2.710552930831909,0.02727031707763672,2.6903560161590576,2.7004544734954834,0,0,3.286675564595498e-05,0.038120415061712265,0.9999998807907104
5.302170276641846,-2.7098000049591064,-2.7199900150299072,0.027612686157226562,2.6996099948883057,2.7098000049591064,0,0,2.9224429454188794e-05,0.03787926584482193,0.9999998807907104
5.315526008605957,-2.7191522121429443,-2.729426383972168,0.027936935424804688,2.7088780403137207,2.7191522121429443,0,0,2.5805033146752976e-05,0.03762851282954216,0.9999998807907104
5.328881740570068,-2.728510856628418,-2.7388625144958496,0.028244972229003906,2.7181591987609863,2.728510856628418,0,0,2.2603981051361188e-05,0.03736834600567818,1.0
5.3422369956970215,-2.7378761768341064,-2.748297691345215,0.028532981872558594,2.727454662322998,2.7378761768341064,0,0,1.9624336346169002e-05,0.03709888830780983,1.0
5.355592727661133,-2.7472481727600098,-2.7577333450317383,0.02880573272705078,2.7367630004882812,2.7472481727600098,0,0,1.686547875578981e-05,0.036820102483034134,1.0
5.368948459625244,-2.7566261291503906,-2.767167568206787,0.02905893325805664,2.746084690093994,2.7566261291503906,0,0,1.4322271454147995e-05,0.03653215244412422,1.0
5.382303714752197,-2.766011953353882,-2.776602268218994,0.029293060302734375,2.7554216384887695,2.766011953353882,0,0,1.1997117326245643e-05,0.036235082894563675,1.0
5.395659446716309,-2.775402545928955,-2.7860352993011475,0.029510021209716797,2.7647697925567627,2.775402545928955,0,0,9.884898645395879e-06,0.035928867757320404,1.0
5.40901517868042,-2.7848005294799805,-2.7954695224761963,0.029710769653320312,2.7741315364837646,2.7848005294799805,0,0,7.98681048763683e-06,0.0356137789785862,0.9999998807907104
5.422370910644531,-2.794205665588379,-2.8049023151397705,0.029888629913330078,2.7835090160369873,2.794205665588379,0,0,6.297762865870027e-06,0.03528974577784538,0.9999998807907104
5.435726165771484,-2.8036158084869385,-2.8143346309661865,0.030051708221435547,2.7928969860076904,2.8036158084869385,0,0,4.816457931156037e-06,0.03495681285858154,0.9999999403953552
5.449081897735596,-2.8130319118499756,-2.8237671852111816,0.03019857406616211,2.8022966384887695,2.8130319118499756,0,0,3.5399677926761797e-06,0.03461513668298721,1.0
5.462437629699707,-2.822455644607544,-2.8331995010375977,0.030324459075927734,2.8117117881774902,2.822455644607544,0,0,2.465231546011637e-06,0.03426477685570717,0.9999999403953552
5.47579288482666,-2.8318839073181152,-2.8426320552825928,0.030437469482421875,2.8211357593536377,2.8318839073181152,0,0,1.5895093383733183e-06,0.03390582650899887,0.9999998807907104
5.4891486167907715,-2.8413195610046387,-2.8520631790161133,0.03052520751953125,2.830575942993164,2.8413195610046387,0,0,9.090400112654606e-07,0.03353823721408844,1.0
5.502504348754883,-2.850759744644165,-2.861494779586792,0.030603408813476562,2.840024709701538,2.850759744644165,0,0,4.201639001166768e-07,0.03316212818026543,1.0
5.515859603881836,-2.8602066040039062,-2.8709256649017334,0.030658721923828125,2.849487543106079,2.8602066040039062,0,0,1.1910152863947587e-07,0.03277762979269028,0.9999998807907104
5.529215335845947,-2.869659662246704,-2.880357503890991,0.030699729919433594,2.858961820602417,2.869659662246704,0,0,1.99307592652076e-09,0.0323847271502018,0.9999999403953552
5.542571067810059,-2.879117250442505,-2.88978910446167,0.030725479125976562,2.86844539642334,2.879117250442505,0,0,6.441270272716793e-08,0.03198350593447685,0.9999998807907104
5.55592679977417,-2.888582229614258,-2.899219512939453,0.03072643280029297,2.8779449462890625,2.888582229614258,0,0,3.0174851417541504e-07,0.031574100255966187,0.9999998807907104
5.569282054901123,-2.8980515003204346,-2.9086506366729736,0.030716896057128906,2.8874523639678955,2.8980515003204346,0,0,7.097254410837195e-07,0.031156498938798904,0.9999999403953552
5.582637786865234,-2.9075276851654053,-2.918081521987915,0.0306854248046875,2.8969738483428955,2.9075276851654053,0,0,1.2827996442865697e-06,0.03073071874678135,0.9999998807907104
5.595993518829346,-2.917008876800537,-2.9275124073028564,0.030638694763183594,2.9065053462982178,2.917008876800537,0,0,2.0161212432867615e-06,0.03029692731797695,0.9999998807907104
5.609348773956299,-2.926494598388672,-2.9369430541992188,0.030576705932617188,2.916046142578125,2.926494598388672,0,0,2.904352186305914e-06,0.029855158179998398,1.0
5.62270450592041,-2.935986042022705,-2.946373462677002,0.03049755096435547,2.925598621368408,2.935986042022705,0,0,3.942408511647955e-06,0.029405416920781136,1.0
5.6360602378845215,-2.9454832077026367,-2.9558045864105225,0.030402183532714844,2.935161828994751,2.9454832077026367,0,0,5.124180006532697e-06,0.028947828337550163,0.9999998807907104
5.649415969848633,-2.9549851417541504,-2.965235710144043,0.030289649963378906,2.944734573364258,2.9549851417541504,0,0,6.443690836022142e-06,0.028482448309659958,0.9999998807907104
5.662771224975586,-2.9644925594329834,-2.9746668338775635,0.030160903930664062,2.9543182849884033,2.9644925594329834,0,0,7.894767804828007e-06,0.028009243309497833,1.0
5.676126956939697,-2.9740045070648193,-2.984097480773926,0.03001689910888672,2.963911533355713,2.9740045070648193,0,0,9.47104945225874e-06,0.02752843126654625,1.0
5.689482688903809,-2.9835214614868164,-2.9935286045074463,0.02985668182373047,2.9735143184661865,2.9835214614868164,0,0,1.1168383935000747e-05,0.02703988365828991,1.0
5.702837944030762,-2.9930431842803955,-3.0029592514038086,0.029679298400878906,2.9831271171569824,2.9930431842803955,0,0,1.2974604942428414e-05,0.026543742045760155,0.9999999403953552
5.716193675994873,-3.0025699138641357,-3.0123913288116455,0.029489517211914062,2.992748498916626,3.0025699138641357,0,0,1.4889454178046435e-05,0.02604011446237564,1.0
5.729549407958984,-3.0121006965637207,-3.021822214126587,0.0292816162109375,3.0023791790008545,3.0121006965637207,0,0,1.6902704373933375e-05,0.025529002770781517,1.0
5.742905139923096,-3.021637201309204,-3.0312540531158447,0.029059410095214844,3.0120203495025635,3.021637201309204,0,0,1.9006138245458715e-05,0.025010524317622185,1.0
5.756260395050049,-3.031177282333374,-3.0406861305236816,0.028822898864746094,3.0216684341430664,3.031177282333374,0,0,2.119555210811086e-05,0.02448463998734951,1.0
5.76961612701416,-3.0407214164733887,-3.0501179695129395,0.02857208251953125,3.031324863433838,3.0407214164733887,0,0,2.3463853722205386e-05,0.02395138144493103,0.9999999403953552
5.7829718589782715,-3.0502700805664062,-3.0595507621765137,0.028308868408203125,3.040989398956299,3.0502700805664062,0,0,2.5800189177971333e-05,0.02341088466346264,1.0
5.796327114105225,-3.0598232746124268,-3.0689823627471924,0.02802562713623047,3.050664186477661,3.0598232746124268,0,0,2.8199254302307963e-05,0.0228632353246212,1.0
5.809682846069336,-3.069380283355713,-3.0784149169921875,0.027730941772460938,3.0603456497192383,3.069380283355713,0,0,3.0653456633444875e-05,0.022308334708213806,1.0
5.823038578033447,-3.078941583633423,-3.08784818649292,0.02742290496826172,3.070034980773926,3.078941583633423,0,0,3.315510548418388e-05,0.021746331825852394,1.0
5.8363938331604,-3.088505983352661,-3.097280979156494,0.027101516723632812,3.079730987548828,3.088505983352661,0,0,3.569929685909301e-05,0.02117730677127838,1.0
5.849749565124512,-3.0980751514434814,-3.1067144870758057,0.026765823364257812,3.0894358158111572,3.0980751514434814,0,0,3.826964893960394e-05,0.020601244643330574,1.0
5.863105297088623,-3.107647657394409,-3.1161484718322754,0.02641773223876953,3.099146842956543,3.107647657394409,0,0,4.086683475179598e-05,0.020018206909298897,1.0
5.876461029052734,-3.1172232627868652,-3.125582218170166,0.026056289672851562,3.1088643074035645,3.1172232627868652,0,0,4.348007860244252e-05,0.019428260624408722,1.0
5.8898162841796875,-3.126802444458008,-3.1350157260894775,0.025681495666503906,3.118589162826538,3.126802444458008,0,0,4.6101431507850066e-05,0.018831396475434303,0.9999998807907104
5.903172016143799,-3.136385440826416,-3.1444504261016846,0.02529430389404297,3.1283204555511475,3.136385440826416,0,0,4.872458885074593e-05,0.01822778210043907,0.9999999403953552
5.91652774810791,-3.1459715366363525,-3.1538848876953125,0.024895668029785156,3.1380581855773926,3.1459715366363525,0,0,5.1338291086722165e-05,0.01761726662516594,1.0
5.929883003234863,-3.155560255050659,-3.1633195877075195,0.024484634399414062,3.147800922393799,3.155560255050659,0,0,5.3934447350911796e-05,0.01700008474290371,0.9999998807907104
5.943238735198975,-3.165151834487915,-3.172755002975464,0.024065017700195312,3.157548666000366,3.165151834487915,0,0,5.6508575653424487e-05,0.016376186162233353,0.9999999403953552
5.956594467163086,-3.1747474670410156,-3.1821916103363037,0.02363300323486328,3.1673033237457275,3.1747474670410156,0,0,5.9052897995570675e-05,0.015745624899864197,1.0
5.969950199127197,-3.1843454837799072,-3.191627264022827,0.023187637329101562,3.1770637035369873,3.1843454837799072,0,0,6.155781011329964e-05,0.015108423307538033,1.0
5.98330545425415,-3.19394588470459,-3.2010622024536133,0.022728919982910156,3.1868295669555664,3.19394588470459,0,0,6.401551945600659e-05,0.014464646577835083,1.0
5.996661186218262,-3.2035486698150635,-3.2104990482330322,0.022266387939453125,3.1965982913970947,3.2035486698150635,0,0,6.641830987064168e-05,0.013814389705657959,1.0
6.010016918182373,-3.2131543159484863,-3.2199361324310303,0.021790504455566406,3.2063724994659424,3.2131543159484863,0,0,6.87625288264826e-05,0.01315755769610405,1.0
6.023372173309326,-3.222762107849121,-3.2293732166290283,0.02130603790283203,3.216150999069214,3.222762107849121,0,0,7.103683310560882e-05,0.01249435544013977,0.9999998807907104
6.0367279052734375,-3.232372283935547,-3.238809823989868,0.02080821990966797,3.2259347438812256,3.232372283935547,0,0,7.323383761104196e-05,0.011824684217572212,0.9999998807907104
6.050083637237549,-3.2419848442077637,-3.2482478618621826,0.02030467987060547,3.2357218265533447,3.2419848442077637,0,0,7.534215546911582e-05,0.011148659512400627,1.0
6.063438892364502,-3.251598358154297,-3.2576851844787598,0.019791603088378906,3.245511531829834,3.251598358154297,0,0,7.736500992905349e-05,0.010466251522302628,1.0
6.076794624328613,-3.261214017868042,-3.2671234607696533,0.0192718505859375,3.2553045749664307,3.261214017868042,0,0,7.928511331556365e-05,0.009777575731277466,1.0
6.090150356292725,-3.270832061767578,-3.2765614986419678,0.018739700317382812,3.2651026248931885,3.270832061767578,0,0,8.11084610177204e-05,0.00908255111426115,1.0
6.103506088256836,-3.280451774597168,-3.2860004901885986,0.018201828002929688,3.2749030590057373,3.280451774597168,0,0,8.281361806439236e-05,0.008381395600736141,0.9999999403953552
6.116861343383789,-3.290072202682495,-3.2954394817352295,0.017658233642578125,3.2847049236297607,3.290072202682495,0,0,8.440722740488127e-05,0.007673999760299921,1.0
6.1302170753479,-3.299694061279297,-3.304877758026123,0.0171051025390625,3.2945103645324707,3.299694061279297,0,0,8.587456977693364e-05,0.0069604371674358845,1.0
6.143572807312012,-3.3093180656433105,-3.314317226409912,0.016544342041015625,3.304318904876709,3.3093180656433105,0,0,8.721645281184465e-05,0.006240731570869684,0.9999998807907104
6.156928062438965,-3.318941593170166,-3.323756694793701,0.01598072052001953,3.314126491546631,3.318941593170166,0,0,8.842071110848337e-05,0.005514959804713726,1.0
6.170283794403076,-3.3285677433013916,-3.3331961631774902,0.015406608581542969,3.323939323425293,3.3285677433013916,0,0,8.94910772331059e-05,0.0047830319963395596,1.0
6.1836395263671875,-3.338193416595459,-3.3426356315612793,0.014828681945800781,3.3337512016296387,3.338193416595459,0,0,9.041592420544475e-05,0.004045114852488041,0.9999999403953552
6.196995258331299,-3.3478212356567383,-3.3520755767822266,0.014243125915527344,3.34356689453125,3.3478212356567383,0,0,9.11929237190634e-05,0.003301201155409217,0.9999999403953552
6.210350513458252,-3.357447862625122,-3.3615150451660156,0.013655662536621094,3.3533806800842285,3.357447862625122,0,0,9.181325731333345e-05,0.0025513777509331703,1.0
6.223706245422363,-3.3670766353607178,-3.370955228805542,0.013059616088867188,3.3631980419158936,3.3670766353607178,0,0,9.228217822965235e-05,0.0017956307856366038,1.0
6.237061977386475,-3.376703977584839,-3.3803954124450684,0.012464523315429688,3.3730125427246094,3.376703977584839,0,0,9.258934005629271e-05,0.001034300192259252,1.0
6.250417232513428,-3.3863332271575928,-3.3898355960845947,0.011859893798828125,3.382830858230591,3.3863332271575928,0,0,9.273392788600177e-05,0.0002692866837605834,1.0
6.263772964477539,-3.3959617614746094,-3.399275302886963,0.011252403259277344,3.392648220062256,3.3959617614746094,0,0,9.271556336898357e-05,0.000509855744894594,1.0
6.27712869644165,-3.405590295791626,-3.4087162017822266,0.010645866394042969,3.4024643898010254,3.405590295791626,0,0,9.252740710508078e-05,0.0012880692956969142,1.0
6.290484428405762,-3.4152183532714844,-3.4181559085845947,0.01003265380859375,3.412280797958374,3.4152183532714844,0,0,9.21722748898901e-05,0.0020729966927319765,1.0
6.303839683532715,-3.4248461723327637,-3.427595853805542,0.009417533874511719,3.4220964908599854,3.4248461723327637,0,0,9.164884977508336e-05,0.002863800385966897,0.9999998807907104
6.317195415496826,-3.4344735145568848,-3.4370357990264893,0.008799552917480469,3.4319112300872803,3.4344735145568848,0,0,9.095174755202606e-05,0.003660448594018817,0.9999999403953552
6.3305511474609375,-3.4441003799438477,-3.4464755058288574,0.008179664611816406,3.441725254058838,3.4441003799438477,0,0,9.008523920783773e-05,0.004462851211428642,0.9999998807907104
6.343906402587891,-3.453726291656494,-3.4559152126312256,0.007559776306152344,3.4515373706817627,3.453726291656494,0,0,8.904955757316202e-05,0.005270924884825945,0.9999998807907104
6.357262134552002,-3.463351249694824,-3.4653546810150146,0.006938934326171875,3.461347818374634,3.463351249694824,0,0,8.784101373748854e-05,0.006084699649363756,0.9999999403953552
6.370617866516113,-3.472975492477417,-3.474794387817383,0.006317138671875,3.471156597137451,3.472975492477417,0,0,8.646770584164187e-05,0.0069041489623487,1.0
6.383973121643066,-3.482598066329956,-3.4842326641082764,0.005692481994628906,3.4809634685516357,3.482598066329956,0,0,8.493155473843217e-05,0.0077291689813137054,1.0
6.397328853607178,-3.4922189712524414,-3.49367094039917,0.005070686340332031,3.490767002105713,3.4922189712524414,0,0,8.322636131197214e-05,0.008559799753129482,1.0
6.410684585571289,-3.5018391609191895,-3.5031096935272217,0.004448890686035156,3.5005686283111572,3.5018391609191895,0,0,8.136847463902086e-05,0.009396065026521683,1.0
6.4240403175354,-3.5114569664001465,-3.512547254562378,0.0038290023803710938,3.510366678237915,3.5114569664001465,0,0,7.935093162814155e-05,0.010237797163426876,0.9999999403953552
6.4373955726623535,-3.521073341369629,-3.521984815597534,0.0032091140747070312,3.5201618671417236,3.521073341369629,0,0,7.718686538282782e-05,0.01108509860932827,1.0
6.450751304626465,-3.530689001083374,-3.531421661376953,0.00258636474609375,3.529956340789795,3.530689001083374,0,0,7.487518450943753e-05,0.011937817558646202,1.0
6.464107036590576,-3.540301561355591,-3.540858745574951,0.001972198486328125,3.5397443771362305,3.540301561355591,0,0,7.242404535645619e-05,0.012796098366379738,1.0
6.477462291717529,-3.5499114990234375,-3.5502936840057373,0.0013570785522460938,3.5495293140411377,3.5499114990234375,0,0,6.984623178141192e-05,0.01365975197404623,0.9999998807907104
6.490818023681641,-3.5595195293426514,-3.5597288608551025,0.0007448196411132812,3.5593101978302,3.5595195293426514,0,0,6.713528273394331e-05,0.0145288510248065,1.0
6.504173755645752,-3.569125175476074,-3.5691637992858887,0.00013828277587890625,3.5690865516662598,3.569125175476074,0,0,6.4317267970182e-05,0.015403377823531628,1.0
6.517529487609863,-3.5787274837493896,-3.5785980224609375,0.00046253204345703125,3.578856945037842,3.5787274837493896,0,0,6.139143806649372e-05,0.01628321222960949,1.0
6.530884742736816,-3.588327407836914,-3.58803129196167,0.0010623931884765625,3.588623523712158,3.588327407836914,0,0,5.8367841120343655e-05,0.017168346792459488,1.0
6.544240474700928,-3.597923994064331,-3.5974628925323486,0.0016584396362304688,3.5983850955963135,3.597923994064331,0,0,5.526273889699951e-05,0.018058834597468376,1.0
6.557596206665039,-3.607517719268799,-3.606894016265869,0.0022497177124023438,3.6081414222717285,3.607517719268799,0,0,5.2085804782109335e-05,0.01895463466644287,0.9999998807907104
6.570951461791992,-3.6171090602874756,-3.6163249015808105,0.0028362274169921875,3.6178932189941406,3.6171090602874756,0,0,4.884448571829125e-05,0.0198556836694479,0.9999998807907104
6.5843071937561035,-3.6266965866088867,-3.6257553100585938,0.003414154052734375,3.6276378631591797,3.6266965866088867,0,0,4.555750638246536e-05,0.02076193504035473,1.0
6.597662925720215,-3.6362802982330322,-3.6351828575134277,0.00399017333984375,3.6373777389526367,3.6362802982330322,0,0,4.2240775655955076e-05,0.021673452109098434,1.0
6.611018180847168,-3.6458590030670166,-3.6446096897125244,0.00455474853515625,3.647108316421509,3.6458590030670166,0,0,3.890649168170057e-05,0.0225900337100029,1.0
6.624373912811279,-3.6554360389709473,-3.654035806655884,0.005118370056152344,3.6568362712860107,3.6554360389709473,0,0,3.557547097443603e-05,0.023511853069067,1.0
6.637729644775391,-3.665008068084717,-3.663461685180664,0.005667686462402344,3.6665544509887695,3.665008068084717,0,0,3.2260650186799467e-05,0.024438802152872086,1.0
6.651085376739502,-3.6745760440826416,-3.6728856563568115,0.006211280822753906,3.6762664318084717,3.6745760440826416,0,0,2.8983264201087877e-05,0.02537071891129017,1.0
6.664440631866455,-3.6841397285461426,-3.682307481765747,0.0067501068115234375,3.685971975326538,3.6841397285461426,0,0,2.576266160758678e-05,0.026307817548513412,1.0
6.677796363830566,-3.6936988830566406,-3.691727638244629,0.007281303405761719,3.6956701278686523,3.6936988830566406,0,0,2.2618152797804214e-05,0.027249835431575775,1.0
6.691152095794678,-3.703253984451294,-3.7011473178863525,0.007802009582519531,3.7053606510162354,3.703253984451294,0,0,1.9574727048166096e-05,0.028196973726153374,1.0
6.704507350921631,-3.712803840637207,-3.710564613342285,0.008313179016113281,3.715043067932129,3.712803840637207,0,0,1.6650757970637642e-05,0.029148966073989868,1.0
6.717863082885742,-3.7223479747772217,-3.7199807167053223,0.008810997009277344,3.724715232849121,3.7223479747772217,0,0,1.3874235264665913e-05,0.030105959624052048,0.9999998807907104
6.7312188148498535,-3.7318880558013916,-3.7293949127197266,0.009304046630859375,3.7343811988830566,3.7318880558013916,0,0,1.126820279750973e-05,0.031067753210663795,0.9999998807907104
6.744574546813965,-3.741422414779663,-3.7388081550598145,0.0097808837890625,3.7440366744995117,3.741422414779663,0,0,8.860481102601625e-06,0.03203454241156578,0.9999998807907104
6.757929801940918,-3.7509517669677734,-3.748217821121216,0.010254859924316406,3.753685712814331,3.7509517669677734,0,0,6.67818767396966e-06,0.03300602361559868,0.9999998807907104
6.771285533905029,-3.7604763507843018,-3.757627487182617,0.010712623596191406,3.7633252143859863,3.7604763507843018,0,0,4.7491962504864205e-06,0.03398239612579346,0.9999998807907104
6.784641265869141,-3.769994020462036,-3.7670328617095947,0.011163711547851562,3.7729551792144775,3.769994020462036,0,0,3.103078370259027e-06,0.034963447600603104,0.9999998807907104
6.797996520996094,-3.7795050144195557,-3.776437759399414,0.011592864990234375,3.7825722694396973,3.7795050144195557,0,0,1.7727552403812297e-06,0.03594924509525299,1.0
6.811352252960205,-3.7890114784240723,-3.7858405113220215,0.012015342712402344,3.792182445526123,3.7890114784240723,0,0,7.897970135672949e-07,0.03693966940045357,1.0
6.824707984924316,-3.7985119819641113,-3.795240879058838,0.012424468994140625,3.8017830848693848,3.7985119819641113,0,0,1.8746140995062888e-07,0.037934768944978714,0.9999999403953552
6.8380632400512695,-3.80800461769104,-3.8046376705169678,0.012821197509765625,3.8113715648651123,3.80800461769104,0,0,1.2662191295476077e-09,0.038934484124183655,1.0
6.851418972015381,-3.8174917697906494,-3.8140335083007812,0.013201713562011719,3.8209500312805176,3.8174917697906494,0,0,2.6736168479146727e-07,0.03993869945406914,1.0
6.864774703979492,-3.826972723007202,-3.823425531387329,0.013575553894042969,3.830519914627075,3.826972723007202,0,0,1.023234290187247e-06,0.040947455912828445,1.0
6.8781304359436035,-3.8364455699920654,-3.8328161239624023,0.01392364501953125,3.8400750160217285,3.8364455699920654,0,0,2.3083405267243506e-06,0.041960638016462326,1.0
6.891485691070557,-3.845911741256714,-3.84220290184021,0.014264106750488281,3.8496205806732178,3.845911741256714,0,0,4.161959623161238e-06,0.0429781898856163,0.9999999403953552
6.904841423034668,-3.8553719520568848,-3.8515877723693848,0.014589309692382812,3.8591561317443848,3.8553719520568848,0,0,6.6274542405153625e-06,0.044000111520290375,1.0
6.918197154998779,-3.864824056625366,-3.8609695434570312,0.014897346496582031,3.868678569793701,3.864824056625366,0,0,9.746337127580773e-06,0.04502636566758156,0.9999999403953552
6.931552410125732,-3.8742690086364746,-3.870347738265991,0.015192031860351562,3.878190279006958,3.8742690086364746,0,0,1.3564714208769146e-05,0.04605676978826523,0.9999999403953552
6.944908142089844,-3.8837063312530518,-3.87972354888916,0.015467643737792969,3.8876891136169434,3.8837063312530518,0,0,1.812783011700958e-05,0.04709148779511452,0.9999999403953552
6.958263874053955,-3.8931353092193604,-3.8890950679779053,0.01572895050048828,3.8971755504608154,3.8931353092193604,0,0,2.3478869479731657e-05,0.04813047870993614,1.0
6.971619606018066,-3.902556896209717,-3.8984646797180176,0.015969276428222656,3.906649112701416,3.902556896209717,0,0,2.9675331461476162e-05,0.04917337745428085,0.9999999403953552
6.9849748611450195,-3.9119694232940674,-3.907829761505127,0.01619434356689453,3.916109085083008,3.9119694232940674,0,0,3.675833431771025e-05,0.050220344215631485,0.9999999403953552
6.998330593109131,-3.921375274658203,-3.917192220687866,0.0164031982421875,3.92555832862854,3.921375274658203,0,0,4.478754635783844e-05,0.05127129703760147,0.9999998807907104
7.011686325073242,-3.9307713508605957,-3.926551103591919,0.016588211059570312,3.9349915981292725,3.9307713508605957,0,0,5.3811949328519404e-05,0.052326153963804245,1.0
7.025041580200195,-3.940160036087036,-3.9359052181243896,0.01676464080810547,3.9444148540496826,3.940160036087036,0,0,6.388586916727945e-05,0.053384874016046524,1.0
7.038397312164307,-3.9495391845703125,-3.945255994796753,0.016916275024414062,3.953822374343872,3.9495391845703125,0,0,7.50692342990078e-05,0.05444733425974846,1.0
7.051753044128418,-3.9589099884033203,-3.954604387283325,0.017045021057128906,3.9632155895233154,3.9589099884033203,0,0,8.741361671127379e-05,0.05551361292600632,1.0
7.065108776092529,-3.9682719707489014,-3.9639463424682617,0.0171661376953125,3.972597599029541,3.9682719707489014,0,0,0.00010098330676555634,0.05658344179391861,1.0
7.078464031219482,-3.977623701095581,-3.973285436630249,0.017255783081054688,3.981961965560913,3.977623701095581,0,0,0.0001158393788500689,0.05765682831406593,1.0
7.091819763183594,-3.986966609954834,-3.9826200008392334,0.01732921600341797,3.9913132190704346,3.986966609954834,0,0,0.00013203761773183942,0.05873388051986694,1.0
7.105175495147705,-3.9962997436523438,-3.9919509887695312,0.017378807067871094,4.000648498535156,3.9962997436523438,0,0,0.00014965258014854044,0.059814248234033585,0.9999999403953552
7.118530750274658,-4.005622863769531,-4.001276016235352,0.017412185668945312,4.009969711303711,4.005622863769531,0,0,0.0001687415933702141,0.06089797616004944,1.0
7.1318864822387695,-4.014936923980713,-4.010598182678223,0.017419815063476562,4.019275665283203,4.014936923980713,0,0,0.00018937616550829262,0.06198499724268913,1.0
7.145242214202881,-4.024240970611572,-4.019914150238037,0.017412185668945312,4.028567790985107,4.024240970611572,0,0,0.00021161492622923106,0.06307528913021088,1.0
7.158597469329834,-4.033535003662109,-4.029225826263428,0.017381668090820312,4.037844181060791,4.033535003662109,0,0,0.00023554699146188796,0.0641685351729393,1.0
7.171953201293945,-4.042818069458008,-4.038532733917236,0.017324447631835938,4.047103404998779,4.042818069458008,0,0,0.0002612249518278986,0.06526501476764679,0.9999998807907104
7.185308933258057,-4.052091121673584,-4.047834873199463,0.017248153686523438,4.056347370147705,4.052091121673584,0,0,0.00028873930568806827,0.06636428833007812,0.9999999403953552
7.198664665222168,-4.061352729797363,-4.057131290435791,0.017145156860351562,4.0655741691589355,4.061352729797363,0,0,0.0003181432548444718,0.06746656447649002,1.0
7.212019920349121,-4.070603370666504,-4.0664215087890625,0.01702117919921875,4.074785232543945,4.070603370666504,0,0,0.0003495363343972713,0.06857145577669144,1.0
7.225375652313232,-4.079844951629639,-4.075707912445068,0.016878128051757812,4.083981990814209,4.079844951629639,0,0,0.00038298696745187044,0.0696791335940361,1.0
7.238731384277344,-4.089073657989502,-4.084988117218018,0.016706466674804688,4.093159198760986,4.089073657989502,0,0,0.0004185753932688385,0.07078933715820312,1.0
7.252086639404297,-4.098291873931885,-4.094262599945068,0.016511917114257812,4.102321147918701,4.098291873931885,0,0,0.0004563709953799844,0.0719020813703537,1.0
7.265442371368408,-4.107497692108154,-4.103532314300537,0.01628875732421875,4.1114630699157715,4.107497692108154,0,0,0.000496482418384403,0.07301720231771469,0.9999998807907104
7.2787981033325195,-4.11669397354126,-4.112794399261475,0.01605224609375,4.120593547821045,4.11669397354126,0,0,0.0005389720317907631,0.07413466274738312,0.9999998807907104
7.292153835296631,-4.1258769035339355,-4.12205171585083,0.015781402587890625,4.129702091217041,4.1258769035339355,0,0,0.0005839315708726645,0.07525438815355301,0.9999998807907104
7.305509090423584,-4.135047435760498,-4.1313018798828125,0.0154876708984375,4.138792991638184,4.135047435760498,0,0,0.0006314586498774588,0.07637602090835571,0.9999999403953552
7.318864822387695,-4.144207000732422,-4.140547275543213,0.015167236328125,4.147866725921631,4.144207000732422,0,0,0.0006816259119659662,0.07749973982572556,0.9999999403953552
7.332220554351807,-4.153354167938232,-4.149785041809082,0.01482391357421875,4.156923294067383,4.153354167938232,0,0,0.0007345406920649111,0.07862535119056702,0.9999999403953552
7.34557580947876,-4.162487983703613,-4.159016132354736,0.0144500732421875,4.16595983505249,4.162487983703613,0,0,0.0007902808720245957,0.07975267618894577,1.0
7.358931541442871,-4.171610355377197,-4.168241024017334,0.014055252075195312,4.1749796867370605,4.171610355377197,0,0,0.0008489517495036125,0.08088169246912003,1.0
7.372287273406982,-4.18071985244751,-4.177458763122559,0.01363372802734375,4.183980941772461,4.18071985244751,0,0,0.000910651171579957,0.08201224356889725,1.0
7.3856425285339355,-4.189815521240234,-4.186669826507568,0.013179779052734375,4.1929612159729,4.189815521240234,0,0,0.000975445203948766,0.08314426988363266,0.9999998807907104
7.398998260498047,-4.198898792266846,-4.195873737335205,0.012701034545898438,4.201923847198486,4.198898792266846,0,0,0.0010434745345264673,0.08427757769823074,0.9999999403953552
7.412353992462158,-4.207970142364502,-4.205070495605469,0.012201309204101562,4.210869789123535,4.207970142364502,0,0,0.0011148274643346667,0.08541212975978851,0.9999999403953552
7.4257097244262695,-4.217026710510254,-4.214260578155518,0.011663436889648438,4.21979284286499,4.217026710510254,0,0,0.00118959229439497,0.08654768019914627,1.0
7.439064979553223,-4.22606897354126,-4.2234416007995605,0.011104583740234375,4.228696346282959,4.22606897354126,0,0,0.0012678782222792506,0.08768418431282043,1.0
7.452420711517334,-4.2350993156433105,-4.232615947723389,0.010517120361328125,4.237582683563232,4.2350993156433105,0,0,0.0013497797772288322,0.08882160484790802,0.9999999403953552
7.465776443481445,-4.244115352630615,-4.2417826652526855,0.009901046752929688,4.246448040008545,4.244115352630615,0,0,0.0014354230370372534,0.08995971083641052,1.0
7.479131698608398,-4.253117084503174,-4.250940799713135,0.009256362915039062,4.255293369293213,4.253117084503174,0,0,0.0015249011339619756,0.091098353266716,1.0
7.49248743057251,-4.2621049880981445,-4.260091304779053,0.00858306884765625,4.264118671417236,4.2621049880981445,0,0,0.0016183358384296298,0.09223738312721252,0.9999999403953552
7.505843162536621,-4.271078109741211,-4.269233226776123,0.007879257202148438,4.272922992706299,4.271078109741211,0,0,0.0017158075934275985,0.09337688982486725,0.9999998807907104
7.519198894500732,-4.280037879943848,-4.278366565704346,0.007152557373046875,4.28170919418335,4.280037879943848,0,0,0.0018174657598137856,0.09451641142368317,0.9999998807907104
7.5325541496276855,-4.288982391357422,-4.287492752075195,0.006389617919921875,4.290472030639648,4.288982391357422,0,0,0.0019234135979786515,0.09565605968236923,0.9999999403953552
7.545909881591797,-4.29791259765625,-4.296609401702881,0.0056018829345703125,4.299215793609619,4.29791259765625,0,0,0.00203373352997005,0.09679568558931351,1.0
7.559265613555908,-4.306827545166016,-4.305717468261719,0.004779815673828125,4.3079376220703125,4.306827545166016,0,0,0.002148593543097377,0.09793494641780853,1.0
7.572620868682861,-4.315727233886719,-4.314816474914551,0.0039310455322265625,4.316637992858887,4.315727233886719,0,0,0.00226805591955781,0.09907383471727371,1.0
7.585976600646973,-4.324612617492676,-4.323906898498535,0.0030517578125,4.325318336486816,4.324612617492676,0,0,0.0023922717664390802,0.10021239519119263,0.9999998807907104
7.599332332611084,-4.333481311798096,-4.332988262176514,0.00213623046875,4.333974361419678,4.333481311798096,0,0,0.0025213612243533134,0.10135018825531006,0.9999998807907104
7.612687587738037,-4.342334270477295,-4.3420586585998535,0.00119781494140625,4.342609882354736,4.342334270477295,0,0,0.0026554211508482695,0.10248701274394989,0.9999999403953552
7.626043319702148,-4.351174354553223,-4.35112190246582,0.0002288818359375,4.351226806640625,4.351174354553223,0,0,0.002794616622850299,0.10362319648265839,0.9999999403953552
7.63939905166626,-4.359997272491455,-4.360174179077148,0.00077056884765625,4.359820365905762,4.359997272491455,0,0,0.00293900934047997,0.10475810617208481,0.9999999403953552
7.652754783630371,-4.368803024291992,-4.369216442108154,0.0018062591552734375,4.36838960647583,4.368803024291992,0,0,0.003088774159550667,0.10589191317558289,0.9999999403953552
7.666110038757324,-4.377593517303467,-4.37824821472168,0.0028667449951171875,4.376938819885254,4.377593517303467,0,0,0.003244012361392379,0.10702414810657501,0.9999998807907104
7.6794657707214355,-4.3863677978515625,-4.387272357940674,0.00396728515625,4.385463237762451,4.3863677978515625,0,0,0.0034048508387058973,0.1081550270318985,1.0
7.692821502685547,-4.395125865936279,-4.396284580230713,0.005092620849609375,4.393967151641846,4.395125865936279,0,0,0.0035714041441679,0.10928423702716827,1.0
7.7061767578125,-4.403867721557617,-4.405285835266113,0.006244659423828125,4.402449607849121,4.403867721557617,0,0,0.0037438306026160717,0.11041147261857986,0.9999999403953552
7.719532489776611,-4.41259241104126,-4.414277076721191,0.0074329376220703125,4.410907745361328,4.41259241104126,0,0,0.0039222403429448605,0.11153682321310043,0.9999999403953552
7.732888221740723,-4.421300411224365,-4.4232587814331055,0.00865936279296875,4.419342041015625,4.421300411224365,0,0,0.004106773529201746,0.1126599907875061,1.0
7.746243953704834,-4.429992198944092,-4.432229518890381,0.009912490844726562,4.427754878997803,4.429992198944092,0,0,0.004297548905014992,0.1137809082865715,0.9999999403953552
7.759599208831787,-4.438665390014648,-4.441186904907227,0.01119232177734375,4.43614387512207,4.438665390014648,0,0,0.004494684748351574,0.11489930003881454,0.9999999403953552
7.772954940795898,-4.44732141494751,-4.450135707855225,0.012516021728515625,4.444507122039795,4.44732141494751,0,0,0.004698349628597498,0.11601514369249344,0.9999998807907104
7.78631067276001,-4.45596170425415,-4.459073543548584,0.013866424560546875,4.452849864959717,4.45596170425415,0,0,0.004908647853881121,0.11712826788425446,1.0
7.799665927886963,-4.464582443237305,-4.467998027801514,0.015249252319335938,4.461166858673096,4.464582443237305,0,0,0.005125692114233971,0.11823829263448715,1.0
7.813021659851074,-4.473187446594238,-4.476912021636963,0.016660690307617188,4.469462871551514,4.473187446594238,0,0,0.005349690094590187,0.11934533715248108,0.9999998807907104
7.8263773918151855,-4.481773376464844,-4.485814571380615,0.0181121826171875,4.477732181549072,4.481773376464844,0,0,0.005580677650868893,0.1204492449760437,0.9999998807907104
7.839733123779297,-4.490341663360596,-4.4947052001953125,0.019594192504882812,4.485978126525879,4.490341663360596,0,0,0.005818874575197697,0.12154969573020935,0.9999999403953552
7.85308837890625,-4.498893737792969,-4.503582954406738,0.02109527587890625,4.494204521179199,4.498893737792969,0,0,0.006064360495656729,0.12264657765626907,0.9999999403953552
7.866444110870361,-4.507424831390381,-4.512449264526367,0.022645950317382812,4.5024003982543945,4.507424831390381,0,0,0.006317296531051397,0.12373979389667511,0.9999998807907104
7.879799842834473,-4.515939235687256,-4.521302700042725,0.024221420288085938,4.510575771331787,4.515939235687256,0,0,0.006577816791832447,0.12482906877994537,0.9999999403953552
7.893155097961426,-4.5244340896606445,-4.530144214630127,0.025835037231445312,4.518723964691162,4.5244340896606445,0,0,0.0068460567854344845,0.1259143054485321,0.9999999403953552
7.906510829925537,-4.5329108238220215,-4.538973331451416,0.027479171752929688,4.526848316192627,4.5329108238220215,0,0,0.007122142240405083,0.12699538469314575,0.9999999403953552
7.919866561889648,-4.5413689613342285,-4.547789573669434,0.029157638549804688,4.534948348999023,4.5413689613342285,0,0,0.00740622915327549,0.12807206809520721,0.9999998807907104
7.933221817016602,-4.549810409545898,-4.5565924644470215,0.030857086181640625,4.543028354644775,4.549810409545898,0,0,0.0076984441839158535,0.12914425134658813,0.9999998807907104
7.946577548980713,-4.558229446411133,-4.565383434295654,0.0326080322265625,4.551075458526611,4.558229446411133,0,0,0.007998914457857609,0.13021180033683777,0.9999998807907104
7.959933280944824,-4.566629886627197,-4.574160099029541,0.03438758850097656,4.5590996742248535,4.566629886627197,0,0,0.008307787589728832,0.1312744915485382,0.9999998807907104
7.9732890129089355,-4.575012683868408,-4.582923412322998,0.03619194030761719,4.567101955413818,4.575012683868408,0,0,0.008625168353319168,0.13233217597007751,0.9999999403953552
7.986644268035889,-4.583373546600342,-4.591673374176025,0.03804206848144531,4.575073719024658,4.583373546600342,0,0,0.008951272815465927,0.13338470458984375,0.9999998807907104
8.0,-4.591717720031738,-4.600409984588623,0.03991127014160156,4.5830254554748535,4.591717720031738,0,0,0.009286151267588139,0.13443201780319214,0.9999998807907104
